﻿{

"type": "dock",
        "dropshadow": true,
		"background": "#333",
        "content": [
          {
            "type": "dock",
            "dock": "left",
            "v_alignment": "stretch",
            "margin": "0,0,3,0",
            "content": [
              {
                "type": "group",
                "dock": "top",
				"header": "Key Items/Essences",
                "content": {
					  "type": "array",
					  "orientation": "horizontal",
					  // Need 2 items in this array [Menu Items Array, Key Items/Essences Array]
					  "content": [
					  
						// Menu Items
						{
						  "type": "array",
						  "orientation": "vertical",
						  // need 1 for menu items (itemgrid), 1 for satchel/seeds([item, itemgrid]), 1 for rod/seasons ([item,itemgrid])
						  "content": [
							
							// Most Menu Items
							{
								"type": "itemgrid",
								"item_size": 55,
								"item_margin": "8,-5,5,10",
								"v_alignment": "left",
								"scale": 1,
								"rows": [
								  ["sword1", "shield"],
								  ["strength", "feather"],
								  ["slingshot1", "glove"],
								  ["boomerang1", "shovel"],
								  ["bombs", "bestweapon"],
								  ["natzu_unknown", "flute"]
								]
							  },
							
							// Satchel/Seeds
							{
								"type": "array",
								"orientation": "horizontal",
								"alignment": "center",
								"margin": "10,0,0,0",
								"content": [
								  {
									"type": "item",
									"item": "satchel",
									"scale": 0.05,
									"item_size": 48
								  },
								  
								  {
									"type": "itemgrid",
									"item_size": 25,
									"margin": "-2,-3,0,0",
									"item_margin": "12, 5, 0, -10",
									"h_alignment": "center",
									"rows": [
									  ["emberseeds", "mysteryseeds"],
									  ["scentseeds"],
									  ["pegasusseeds", "galeseeds"]
									]
								  }
								]
							  },
							
							// Rod/Seasons
							{
								"type": "array",
								"orientation": "horizontal",
								"v_alignment": "center",
								"margin": "5,13,0,0",
								"content": [
								  {
									"type": "item",
									"item": "rod",
									"item_size": 50,
									"scale": 0.06,
								  },
								  
								  {
									"type": "itemgrid",
									"item_size": 25,
									"margin": "-3, -1, 0, 10",
									"item_margin": "8, 11, 0, -5",
									"h_alignment": "center",
									"rows": [
									  ["summer", "fall"],
									  ["spring", "winter"]
									]
								  },
								],
							  },		
							],
						  },
						
						// Rings
						{
							"type": "itemgrid",
							"item_size": 55,
							"v_alignment": "bottom",
							"scale": 1.2,
							"item_margin": "10, -25, -20, 23",
							"rows": [
							  ["ring_fist"], 
							  ["ring_expert"],
							  ["ring_energy"],
							  ["ring_swimmer"]
							]
						  },

			// Cross Items
			{
				"type": "itemgrid",
				"item_size": 125,
				"margin": "-61, 10 , -50, 0",
				"item_margin": "0, 0, 0, 0",
				"scale": 1,
				"orientation": "horizontal",
				"rows": [
					["cross_label"],
				]
			},
			{
				"type": "itemgrid",
						"item_size": 55,
						"margin": "-37, 20 , -10, 0",
						"item_margin": "0, 0, 0, 0",
						"scale": 1.1,
						"orientation": "horizontal",
						"rows": [
							["hook", "seedshooter"], 
							["canesomaria"]
						]
			},
			
			
						// Key Items/Essences
						{
							"type": "array",
							"scale": 1,
							"orientation": "vertical",
							// [Items, Keys/Jewels, Essences, Dungeon Items]
							"content": [
							  // Items
							  {
								"type": "itemgrid",
								"item_size": 55,
								"margin": "12, 0, 0, 0",
								"rows": [
								  ["starore", "plaque", "flippers", "banana", "rustybell"]
								]
							  },
							  {
								"type": "itemgrid",
								"item_size": 55,
								"margin": "14, 0, 0, 0",
								"rows": [
								  ["ribbon", "memberscard", "blueore", "redore", "hardore"]
								]
							  },
						  
							// Keys/Jewels 
							{
								"type": "array",
								"orientation": "horizontal",
								"h_alignment": "center",
								"margin": "12,0,0,0",
								"content": [
								  {
									"type": "item",
									"item": "gnarledkey",
									"item_size": 46,
									"scale": 0.06,
								  },
								  
								  {
									"type": "item",
									"item": "floodkey",
									"item_size": 46,
									"scale": 0.06,
								  },
								  
								  {
									"type": "item",
									"item": "dragonkey",
									"item_size": 46,
									"scale": 0.06,
								  },
								  
								  {
									"type": "itemgrid",
									"item_size": 30,
									"margin": "12,4,0,0",
									"item_margin": "0,0,0,0",
									"rows": [
									  ["roundjewel"],
									  ["squarejewel"]
									]
								  },
								  
								  {
									"type": "itemgrid",
									"item_size": 30,
									"margin": "1,4,11,0",
									"item_margin": "0,0,0,0",
									"rows": [
									  ["pyramidjewel"],
									  ["xjewel"]
									]
								  } 
								]
							  },
						  
							// Essences
							{
							  "type": "itemgrid",
							  "h_alignment": "center",
							  "item_margin": "6,5,6,6",
							  "margin": "0,3,0,0",
							  "item_size": 45,
							  "scale": 1.4,
							  "rows": [
								["d1", "d2"],
								["d8","","","d3"],
								["d7","","","d4"],
								["d6","d5"]
							  ]
							},
						  
							// Dungeon Items
							/*{
								"type": "itemgrid",
								"h_alignment": "center",
								"item_margin": "3,8,3,1",
								"margin": "0,-92,0,0",
								"item_size": 26,
								"rows": [
									["d1chest", "d2chest"],
									["d8chest","","","d3chest"],
									["d7chest","","","d4chest"],
									["d6chest","d5chest"]
								]
							}*/
						
						  ] 
						}
						]
                }
              },
			  {
                "type": "group",
                "header": "Area seasons",
                "content": {
					"type": "itemgrid",
					"h_alignment": "center",
					  "item_size": 60,
					  "margin": "3, 7, 0, 0",
					  "item_margin": "5, 5, 5, 5",
					  "rows": [
						["north_label", "north_winter", "swamp_label", "swamp_fall"],
						["suburbs_label", "suburbs_fall", "sunken_label", "sunken_summer"],
						["wow_label", "wow_summer", "coast_label", "season_coast"],
						["plain_label", "plain_spring", "temple_label", "temple_winter"], 					  
					  ]
				  }
				},
				{
				  "type": "group",
				  "header": "Subrosia Portals",
				  "content": {
					  "type": "itemgrid",
					  "h_alignment": "center",
						"item_size": 60,
						"margin": "0, 7,0, 0",
						"item_margin": "5, 5, 5, 5",
						"rows": [
						  ["sportal_eastern_suburbs", "portal_eastern_suburbs", "sportal_spool_swamp", "Spool_Swamp_Portal"],
						  ["sportal_mt_cucco", "portal_mt_cucco", "sportal_north_horon", "portal_North_Horon"],
						  ["sportal_temple_bottom", "portal_bottom_temple_remains", "sportal_temple_peak", "portal_peak_temple_remains"],
						  ["sportal_horon_village", "portal_horon_village"],
						]
					  }
				  }
			  ]
			},
		  
		  /*
          {
            "type": "container",
			"v_alignment": "top",
            "content": [
              {
                "type": "tabbed",
                 "dock": "right",
                "tabs": [
                  {
                    "title": "Holodrum",
                    "icon": "images/sword1.png",
                    "content": {
                      "type": "map",
                      "maps": [
                        "holodrum"
                      ]
                    }
                  },
                  {
                    "title": "Subrosia",
                    "icon": "images/rod.png",
                    "content": {
                      "type": "map",
                      "maps": [
                        "subrosia"
                      ]
                    }
                  },
                ]
              },
            ]
          } */
        ]
    
}