﻿{

	"type": "dock",
			"dropshadow": true,
			"background": "#333",
			"content": [
			  {
				"type": "dock",
				"dock": "left",
				"v_alignment": "stretch",
				"margin": "0,0,3,0",
				"content": [
				  {
					"type": "group",
					"dock": "top",
					"header": "Key Items & Essences",
					"content": {
						  "type": "array",
						  "orientation": "vertical",
						  // Need 2 items in this array [Menu Items Array, Key Items/Essences Array]
						  "content": [
						  
							// Menu Items
							{
							  "type": "array",
							  "orientation": "vertical",
							  // need 1 for menu items (itemgrid), 1 for satchel/seeds([item, itemgrid]), 1 for rod/seasons ([item,itemgrid])
							  "content": [
								
								// Most Menu Items
					{
						"type": "itemgrid",
						"item_size": 55,
						"item_margin": "8,-5,5,10",
						"margin": "0, 0, 0, 0",
					   // This scales the items on the left.
						"scale": 1,
						"rows": [
						  ["sword1", "shield", "bombs", "boomerang1", "shovel", "flippers"],
						  ["strength", "feather", "bestweapon", "hook", "seedshooter", "canesomaria"],
						  ["slingshot1", "glove", "ring_swimmer", "ring_expert", "ring_energy", "ring_fist"],
						  ["plaque", "memberscard", "blueore", "redore", "hardore", "starore"],
						  ["ribbon", "natzu_unknown", "flute", "banana", "rustybell"]
						]
					  },

	  
					  
					  // Satchel/Seeds
					  {
						"type": "array",
						"orientation": "horizontal",
						"alignment": "center",
					   // This scales the Satchel and the Seeds
						"scale": 1,
						"margin": "55,0,0,0",
						"content": [
						  {
							"type": "item",
							"item": "satchel",
							"scale": 0.31,
							"item_size": 48
						  },
						  
						  {
							"type": "itemgrid",
							"item_size": 25,
							"margin": "-2,-3,0,0",
							"item_margin": "12, 5, 0, -10",
							"h_alignment": "center",
							"rows": [
							  ["emberseeds", "mysteryseeds"],
							  ["scentseeds"],
							  ["pegasusseeds", "galeseeds"]
							]
						  },
						  {
							  "type": "itemgrid",
							  "item_size": 30,
							  "margin": "12,0,0,0",
							  "item_margin": "0,0,0,0",
							  "rows": [
								["roundjewel"],
								["squarejewel"]
							  ]
						  },
						  {
							  "type": "itemgrid",
							  "item_size": 30,
							  "margin": "1,0,11,0",
							  "item_margin": "0,0,0,0",
							  "rows": [
								["pyramidjewel"],
								["xjewel"]
							  ]
						  }, 
						  {
							  "type": "itemgrid",
							  "item_size": 63,
							  "margin": "3, 0, 0, 0",
							  "item_margin": "-23, 0, 0, 0",
							  "h_alignment": "center",
							  "rows": [
								["dragonkey", "floodkey", "gnarledkey"]
							  ]
						  },
						  {
							  "type": "item",
							  "item": "rod",
							  "item_size": 25,
							  "scale": 0.33,
							  "margin": "-16, -2, 0, 0"
						  },
						  {
							  "type": "itemgrid",
							  "item_size": 25,
							  "margin": "-3, -4, 0, 10",
							  "item_margin": "8, 11, 0, -5",
							  "h_alignment": "center",
							  "rows": [
								["summer", "fall"],
								["spring", "winter"]
							  ]
							}
						  ]
						},		
							  
								// Essences
								{
								  "type": "itemgrid",
								  "h_alignment": "center",
								  "item_margin": "6,5,6,6",
								  "margin": "0,0,0,0",
								  "item_size": 45,
								  "scale": 1.4,
								  "rows": [
									["d1", "d2", "d3", "d4", "d5", "d6", "d7", "d8"]
								  ]
								},

							// Dungeon Items
							/*{
								"type": "itemgrid",
								"h_alignment": "center",
								"item_margin": "3,8,3,1",
								"margin": "0,-92,0,0",
								"item_size": 26,
								"rows": [
									["d1chest", "d2chest"],
									["d8chest","","","d3chest"],
									["d7chest","","","d4chest"],
									["d6chest","d5chest"]
								]
							}*/
						
						  ] 
						}
						]
                }
              },
			  {
                "type": "group",
                "header": "Area seasons",
                "content": {
					"type": "itemgrid",
					"h_alignment": "center",
					  "item_size": 60,
					  "margin": "3, 7, 0, 0",
					  "item_margin": "5, 5, 5, 5",
					  "rows": [
						["north_label", "north_winter", "swamp_label", "swamp_fall"],
						["suburbs_label", "suburbs_fall", "sunken_label", "sunken_summer"],
						["wow_label", "wow_summer", "coast_label", "season_coast"],
						["plain_label", "plain_spring", "temple_label", "temple_winter"]				  
					  ]
				  }
				},
				{
				  "type": "group",
				  "header": "Subrosia Portals",
				  "content": {
					  "type": "itemgrid",
					  "h_alignment": "center",
						"item_size": 60,
						"margin": "0, 7,0, 0",
						"item_margin": "5, 5, 5, 5",
						"rows": [
						  ["sportal_eastern_suburbs", "portal_eastern_suburbs", "sportal_spool_swamp", "Spool_Swamp_Portal"],
						  ["sportal_mt_cucco", "portal_mt_cucco", "sportal_north_horon", "portal_North_Horon"],
						  ["sportal_temple_bottom", "portal_bottom_temple_remains", "sportal_temple_peak", "portal_peak_temple_remains"],
						  ["sportal_horon_village", "portal_horon_village"]
						]
					  }
				  }
			  ]
			}
		  
		  /*
          {
            "type": "container",
			"v_alignment": "top",
            "content": [
              {
                "type": "tabbed",
                 "dock": "right",
                "tabs": [
                  {
                    "title": "Holodrum",
                    "icon": "images/sword1.png",
                    "content": {
                      "type": "map",
                      "maps": [
                        "holodrum"
                      ]
                    }
                  },
                  {
                    "title": "Subrosia",
                    "icon": "images/rod.png",
                    "content": {
                      "type": "map",
                      "maps": [
                        "subrosia"
                      ]
                    }
                  },
                ]
              },
            ]
          } */
        ]
    
}