﻿{
	"map_enabled": true,
	"auto_pin_capturing_locations": false,
	"auto_unpin_on_clear": true,
	"allow_resize": true,
	"layout_swap_left_right": false,
	//"disabled_image_filter": "dim",
	"layouts": {
		"shared_item_grid":{
		  "type": "array",
		  "orientation": "horizontal",
		  
		  // Need 2 items in this array [Menu Items Array, Key Items/Essences Array]
		  "content": [
		  
			// Menu Items
			{
			  "type": "array",
			  "orientation": "vertical",
			  // This scales all the items on the left
			  "scale": 1,
			  // need 1 for menu items (itemgrid), 1 for satchel/seeds([item, itemgrid]), 1 for rod/seasons ([item,itemgrid])
			  "content": [
				
				// Most Menu Items
				{
				  "type": "itemgrid",
				  "item_size": 55,
				  "item_margin": "8,-5,5,10",
				  // This scales the items on the left.
				  "scale": 1,
				  "rows": [
					["sword1", "shield"],
					["strength", "feather"],
					["slingshot1", "glove"],
					["boomerang1", "shovel"],
					["bombs", "bestweapon"],
					["natzu_unknown", "flute"]
				  ]
				},

				
				// Satchel/Seeds
				{
				  "type": "array",
				  "orientation": "horizontal",
				  "alignment": "center",
				  // This scales the Satchel and the Seeds
				  "scale": 1,
				  "margin": "10,0,0,0",
				  "content": [
					{
					  "type": "item",
					  "item": "satchel",
					  "scale": 0.05,
					  "item_size": 48
					},
					
					{
					  "type": "itemgrid",
					  "item_size": 25,
					  "margin": "-2,-3,0,0",
					  "item_margin": "12, 5, 0, -10",
					  "h_alignment": "center",
					  "rows": [
						["emberseeds", "mysteryseeds"],
						["scentseeds"],
						["pegasusseeds", "galeseeds"]
					  ]
					}
				  ]
				},
				
				// Rod/Seasons
				{
				  "type": "array",
				  "orientation": "horizontal",
				  "v_alignment": "center",
				  // This scales the Rod of Seasons and the Seasons icons
				  "scale": 1,
				  "margin": "5,13,0,0",
				  "content": [
					{
					  "type": "item",
					  "item": "rod",
					  "item_size": 50,
					  "scale": 0.06,
					},
					
					{
					  "type": "itemgrid",
					  "item_size": 25,
					  "margin": "-3, -1, 0, 10",
					  "item_margin": "8, 11, 0, -5",
					  "h_alignment": "center",
					  "rows": [
						["summer", "fall"],
						["spring", "winter"]
					  ]
					},
				  ],
				},		
			  ],
			},
			
			// Rings
				{
				  "type": "itemgrid",
				  "item_size": 55,
				  "v_alignment": "bottom",
				  // This scales the Rings
				  "scale": 1.2,
				  "item_margin": "10, -25, -15, 23",
				  "rows": [
					["ring_fist"], 
					["ring_expert"],
					["ring_energy"],
					["ring_swimmer"]
				  ]
				},
		  
			// Cross Items
			{
				"type": "itemgrid",
				"item_size": 130,
				"margin": "-47, 25 , -50, 0",
				"item_margin": "0, 0, 0, 0",
				// This scales the Cross Items logo
				"scale": 1,
				"orientation": "horizontal",
				"rows": [
					["cross_label"],
				]
			},
			{
				"type": "itemgrid",
				"item_size": 55,
				"margin": "-32, 34 , -35, 0",
				"item_margin": "0, 0, 0, 0",
				// This scales the Cross Items
				"scale": 1.1,
				"orientation": "horizontal",
				"rows": [
					["hook", "seedshooter"], 
					["canesomaria"]
				]
			},
			
			
			// Key Items/Essences
			{
			  "type": "array",
			  // This scales all the Key Items and essences + keys and dungeon items
			  "scale": 1,
			  "orientation": "vertical",
			  // [Items, Keys/Jewels, Essences, Dungeon Items]
			  "content": [
				// Items
				{
				  "type": "itemgrid",
				  "item_size": 55,
				  "margin": "12, 0, 10, 0",
				  "rows": [
					["starore", "plaque", "flippers", "banana", "rustybell"]
				  ]
				},
				{
				  "type": "itemgrid",
				  "item_size": 55,
				  "margin": "14, 0, 10, 0",
				  "rows": [
					["ribbon", "memberscard", "blueore", "redore", "hardore"]
				  ]
				},
			  
				// Keys/Jewels 
				{
				  "type": "array",
				  "orientation": "horizontal",
				  "h_alignment": "center",
				  "margin": "12,0,0,0",
				  "content": [
					{
					  "type": "item",
					  "item": "gnarledkey",
					  "item_size": 46,
					  "scale": 0.06,
					},
					
					{
					  "type": "item",
					  "item": "floodkey",
					  "item_size": 46,
					  "scale": 0.06,
					},
					
					{
					  "type": "item",
					  "item": "dragonkey",
					  "item_size": 46,
					  "scale": 0.06,
					},
					
					{
					  "type": "itemgrid",
					  "item_size": 30,
					  "margin": "12,4,0,0",
					  "item_margin": "0,0,0,0",
					  "rows": [
						["roundjewel"],
						["squarejewel"]
					  ]
					},
					
					{
					  "type": "itemgrid",
					  "item_size": 30,
					  "margin": "1,4,11,0",
					  "item_margin": "0,0,0,0",
					  "rows": [
						["pyramidjewel"],
						["xjewel"]
					  ]
					} 
				  ]
				},
  
				// Essences
				// Layout to have keys in
				{
				  "type": "array",
				  "orientation": "vertical",
				  "v_alignment": "center",
				  "scale": 1.7,
				  "content": [
					  {
						  "type": "array",
						  "orientation": "horizontal",
						  "h_alignment": "center",
						  "margin": "10, 10, 0,0",
						  "scale": 1.1,
						  "content": [
							  {
								  "type": "item",
								  "item": "d1",
								  "margin": "0,0,0,0",
								  "width": 32,
								  "height": 32
							  },
							  {
								  "type": "item",
								  "item": "d1_ent",
								  "margin": "0,0,5,0",
								  "width": 27,
								  "height": 27
							  },
							  {
								  "type": "item",
								  "item": "d2",
								  "margin": "0,0,0,0",
								  "width": 32,
								  "height": 32
							  },
							  {
								  "type": "item",
								  "item": "d2_ent",
								  "margin": "0,0,5,0",
								  "width": 27,
								  "height": 27
							  },
							  {
								  "type": "item",
								  "item": "d3",
								  "margin": "0,0,0,0",
								  "width": 32,
								  "height": 32
							  },
							  {
								  "type": "item",
								  "item": "d3_ent",
								  "margin": "0,0,5,0",
								  "width": 27,
								  "height": 27
							  },
							  {
								  "type": "item",
								  "item": "d4",
								  "margin": "0,0,0,0",
								  "width": 32,
								  "height": 32
							  },
							  {
								  "type": "item",
								  "item": "d4_ent",
								  "margin": "0,0,0,0",
								  "width": 27,
								  "height": 27
							  },
						  ]
					  },
					  {
						  "type": "array",
						  "orientation": "horizontal",
						  "h_alignment": "left",
						  "margin": "27, 0, 0, 0",
						  "scale": 0.8,
						  "content": [
							  {
								  "type": "item",
								  "item": "d1sk",
								  "margin": "0,0,0,0",
								  "width": 24,
								  "height": 24
							  },
							  {
								  "type": "item",
								  "item": "d1bk",
								  "margin": "15,0,30,0",
								  "width": 24,
								  "height": 24
							  },
							  {
								  "type": "item",
								  "item": "d2sk",
								  "margin": "-5,0,0,0",
								  "width": 24,
								  "height": 24
							  },
							  {
								  "type": "item",
								  "item": "d2bk",
								  "margin": "15,0,0,0",
								  "width": 24,
								  "height": 24
							  },
							],
						},
							  {
								"type": "array",
								"orientation": "horizontal",
								"h_alignment": "right",
								"margin": "0, -19, 4, 0",
								"scale": 0.8,
								"content": [
									{
								  "type": "item",
								  "item": "d3sk",
								  "margin": "5,0,0,0",
								  "width": 24,
								  "height": 24
							  },
							  {
								  "type": "item",
								  "item": "d3bk",
								  "margin": "14,0,28,0",
								  "width": 24,
								  "height": 24
							  },
							  {
								  "type": "item",
								  "item": "d4sk",
								  "margin": "-2,0,0,0",
								  "width": 24,
								  "height": 24
							  },
							  {
								  "type": "item",
								  "item": "d4bk",
								  "margin":"14, 0, 3, 0",
								  "width": 24,
								  "height": 24
							  },
						  ]
					  },
					  {
						  "type": "array",
						  "orientation": "horizontal",
						  "h_alignment": "right",
						  "margin": "0, 0, 0, 0,",
						  "scale": 1.1,
						  "content": [
							  {
								  "type": "item",
								  "item": "d1_map",
								  "margin": "2, 0, 0, 0,",
								  "width": 24,
								  "height": 24
							  },
							  {
								  "type": "item",
								  "item": "compass_d1",
								  "margin": "5, 0, 11, 0",
								  "width": 24,
								  "height": 24
							  },
							  {
								  "type": "item",
								  "item": "d2_map",
								  "margin": "0, -20, 0, 0,",
								  "width": 24,
								  "height": 24
							  },
							  {
								  "type": "item",
								  "item": "compass_d2",
								  "margin": "5, 0, 10.5, 0",
								  "width": 24,
								  "height": 24
							  },
							  {
								  "type": "item",
								  "item": "d3_map",
								  "margin": "0, 0, 0, 0,",
								  "width": 24,
								  "height": 24
							  },
							  {
								  "type": "item",
								  "item": "compass_d3",
								  "margin": "5, 0, 11, 0",
								  "width": 24,
								  "height": 24
							  },
							  {
								  "type": "item",
								  "item": "d4_map",
								  "margin": "0, 0, 0, 0,",
								  "width": 24,
								  "height": 24
							  },
							  {
								  "type": "item",
								  "item": "compass_d4",
								  "margin": "5, 0, 5.5, 0",
								  "width": 24,
								  "height": 24
							  },
						  ]
					  },
					  {
						  "type": "array",
						  "orientation": "horizontal",
						  "h_alignment": "center",
						  "margin": "12,20,0,0",
						  "scale": 1.1,
						  "content": [
							  {
								  "type": "item",
								  "item": "d5",
								  "margin": "2,0,0,0",
								  "width": 32,
								  "height": 32
							  },
							  {
								  "type": "item",
								  "item": "d5_ent",
								  "margin": "0,0,3,0",
								  "width": 27,
								  "height": 27
							  },
							  {
								  "type": "item",
								  "item": "d6",
								  "margin": "2,0,0,0",
								  "width": 32,
								  "height": 32
							  },
							  {
								  "type": "item",
								  "item": "d6_ent",
								  "margin": "0,0,5,0",
								  "width": 27,
								  "height": 27
							  },
							  {
								  "type": "item",
								  "item": "d7",
								  "margin": "0,0,0,0",
								  "width": 32,
								  "height": 32
							  },
							  {
								  "type": "item",
								  "item": "d7_ent",
								  "margin": "0,0,5,0",
								  "width": 27,
								  "height": 27
							  },
							  {
								  "type": "item",
								  "item": "d8",
								  "margin": "0,0,0,0",
								  "width": 32,
								  "height": 32
							  },
							  {
								  "type": "item",
								  "item": "d8_ent",
								  "margin": "0,0,4,0",
								  "width": 27,
								  "height": 27
							  },
						  ]
					  },
					  {
						"type": "array",
						"orientation": "horizontal",
						"h_alignment": "left",
						"margin": "27, 0, 0, 0",
						"scale": 0.8,
						"content": [
							{
								"type": "item",
								"item": "d5sk",
								"margin": "0,0,0,0",
								"width": 24,
								"height": 24
							},
							{
								"type": "item",
								"item": "d5bk",
								"margin": "15,0,30,0",
								"width": 24,
								"height": 24
							},
							{
								"type": "item",
								"item": "d6sk",
								"margin": "-5,0,0,0",
								"width": 24,
								"height": 24
							},
							{
								"type": "item",
								"item": "d6bk",
								"margin": "15,0,0,0",
								"width": 24,
								"height": 24
							},
						  ],
					  },
					  {
						"type": "array",
						"orientation": "horizontal",
						"h_alignment": "right",
						"margin": "0, -19, 4, 0",
						"scale": 0.8,
						"content": [
							{
						  "type": "item",
						  "item": "d7sk",
						  "margin": "5,0,0,0",
						  "width": 24,
						  "height": 24
					  },
					  {
						  "type": "item",
						  "item": "d7bk",
						  "margin": "14,0,28,0",
						  "width": 24,
						  "height": 24
					  },
					  {
						  "type": "item",
						  "item": "d8sk",
						  "margin": "-2,0,0,0",
						  "width": 24,
						  "height": 24
					  },
					  {
						  "type": "item",
						  "item": "d8bk",
						  "margin":"14, 0, 3, 0",
						  "width": 24,
						  "height": 24
					  },
				  ]
			  },
					  {
						  "type": "array",
						  "orientation": "horizontal",
						  "h_alignment": "right",
						  "margin": "0, 0, 0, 0,",
						  "scale": 1.1,
						  "content": [
							  {
								  "type": "item",
								  "item": "d5_map",
								  "margin": "0, 0, -30, 0,",
								  "width": 24,
								  "height": 24
							  },
							  {
								  "type": "item",
								  "item": "compass_d5",
								  "margin": "5, 0, 11, 0",
								  "width": 24,
								  "height": 24
							  },
							  {
								  "type": "item",
								  "item": "d6_map",
								  "margin": "0, 0, 0, 0,",
								  "width": 24,
								  "height": 24
							  },
							  {
								  "type": "item",
								  "item": "compass_d6",
								  "margin": "5, 0, 10.5, 0",
								  "width": 24,
								  "height": 24
							  },
							  {
								  "type": "item",
								  "item": "d7_map",
								  "margin": "0, 0, 0, 0,",
								  "width": 24,
								  "height": 24
							  },
							  {
								  "type": "item",
								  "item": "compass_d7",
								  "margin": "5, 0, 11, 0",
								  "width": 24,
								  "height": 24
							  },
							  {
								  "type": "item",
								  "item": "d8_map",
								  "margin": "0, 0, 0, 0,",
								  "width": 24,
								  "height": 24
							  },
							  {
								  "type": "item",
								  "item": "compass_d8",
								  "margin": "5, 0, 5.5, 0",
								  "width": 24,
								  "height": 24
							  },
						  ]
					  },
				  ]
				  
				}
				
				// Aesthetically pleasing circle of essences
				/*{
				  "type": "itemgrid",
				  "h_alignment": "center",
				  "item_margin": "6,10,6,6",
				  "margin": "0,3,0,0",
				  "item_size": 40,
				  "rows": [
					["d1", "d2"],
					["d8","","","d3"],
					["d7","","","d4"],
					["d6","d5"]
				  ]
				},
			  
				// Dungeon Items
				{
				  "type": "itemgrid",
				  "h_alignment": "center",
				  "item_margin": "3,8,3,1",
				  "margin": "0,-92,0,0",
				  "item_size": 26,
				  "rows": [
					["d1chest", "d2chest"],
					["d8chest","","","d3chest"],
					["d7chest","","","d4chest"],
					["d6chest","d5chest"]
				  ]
				}*/
			
			  ] 
			},
			
			
		  ]    
	  },
	  
	  "tracker_capture_item": {
		  "type": "container",
		  "content": {
			  "type": "array",
			  "orientation": "horizontal",
			  "content": [
				  {
					  "type": "itemgrid",
					  "h_alignment": "center",
					  "item_margin": "1,2",
					  "rows": [
						  ["emberseeds"],
						  ["scentseeds"],
						  ["pegasusseeds"],
						  ["galeseeds"],
						  ["mysteryseeds"],
					  ]
				  },
				  {
					  "type": "itemgrid",
					  "h_alignment": "center",
					  "item_margin": "1,2",
					  "margin": "10,0,0,0",
					  "rows": [
						  ["sword1", "shield", "feather", "boomerang", "slingshot1", "season", "satchel"],
						  ["bracelet", "magnet", "shovel", "flute_generic", "foolsore", "flippers", "banana"],
						  ["starore", "blueore", "redore", "hardore", "plaque", "memberscard"],
						  ["ribbon", "gnarledkey", "floodkey", "dragonkey", "rustybell", "hook"],
						  ["canesomaria", "seedshooter", "xjewel", "squarejewel", "roundjewel", "pyramidjewel"],
					  ]
				  },
			  ]
			  
			  
		  }
	  },
	  
	  
		  "tracker_default": {
		"type": "container",
  
		"background": "#595959",
		"content": {
		  "type": "dock",
		  "dropshadow": true,
		  "content": [
			{
			  "type": "dock",
			  "dock": "left",
			  "v_alignment": "stretch",
			  "margin": "0,0,3,0",
			  "content": [
				{
				  "type": "group",
				  "header": "Key Items/Essences",
				  "dock": "top",
				  "content": {
					  "type": "layout",
					  "margin": 0,
					  "key": "shared_item_grid"
				  }
				},
				{
				  "type": "group",
				  "header": "Area defaults",
				  "content": {
					"type": "itemgrid",
					"h_alignment": "center",
					  "item_size": 64,
					  "margin": "10, 7, 0, 0",
					  "item_margin": "5, 5, 5, 5",
					  "rows": [
						["north_label", "north_winter", "swamp_label", "swamp_fall"],
						["suburbs_label", "suburbs_fall", "sunken_label", "sunken_summer"],
						["wow_label", "wow_summer", "coast_label", "season_coast"],
						["plain_label", "plain_spring", "temple_label", "temple_winter"], 					  
					  ]
				  }
				},
				{
				  "type": "group",
				  "header": "Subrosia Portals",
				  "content": {
					  "type": "itemgrid",
					  "h_alignment": "center",
						"item_size": 64,
						"margin": "0, 7,0, 0",
						"item_margin": "5, 5, 5, 5",
						"rows": [
						  ["sportal_eastern_suburbs", "portal_eastern_suburbs", "sportal_spool_swamp", "Spool_Swamp_Portal"],
						  ["sportal_mt_cucco", "portal_mt_cucco", "sportal_north_horon", "portal_North_Horon"],
						  ["sportal_temple_bottom", "portal_bottom_temple_remains", "sportal_temple_peak", "portal_peak_temple_remains"],
						  ["sportal_horon_village", "portal_horon_village"],
						]
					  }
				  }
			  ]
			},
			{
			  "type": "dock",
			  "v_alignment": "stretch",
			  "margin": "0,0,0,0",
			  "content": [
				{
				  "type": "tabbed",
				  "dock": "top",
				  "max_height": 400,
				  // This Scales both Subrosia and Holodrum maps
				  "scale": 1,
				  "tabs": [
					{
					  "title": "Holodrum",
					  "icon": "images/sword1.png",
					  "content": {
						"type": "map",
						"maps": [
						  "holodrum"
						]
					  }
					},
					{
					  "title": "Subrosia",
					  "icon": "images/rod.png",
					  "content": {
						"type": "map",
						"maps": [
						  "subrosia"
						]
					  }
					},
					/*{
					  "title": "Hints",
					  "icon": "images/owl_closed.png",
					  "content": {
						"type": "map",
						"maps": [
						  "owls"
						]
					  }
					},*/
				  ]
				},
				{
				  "type": "group",
				  "header": "Pinned Locations",
				  "margin": "0,0,0,0",
				  "content": {
					"type": "recentpins",
					"style": "wrap",
					"orientation": "horizontal",
					"compact": true
				  }
				}
			  ]
			}
		  ]
		}
	  },
	  }
  }
  
  
  
  