﻿[
	{
		"name": "Owls",
		"chest_unopened_img": "images/owl_closed.png",
		"chest_opened_img": "images/owl_open.png",
		"color": "#06435c",
		"children": [
			{
				"name": "Woods of Winter",
				"access_rules": [
					"$suburbs_to_fountain, $fountain_to_D2",
					
					"$sunken_city, $natzu_to_suburbs, $fountain_to_D2",
					"$scent_tree, $natzu_to_moblin, $moblin_keep_to_sunken, $natzu_to_suburbs, $fountain_to_D2",
					"$mount_cucco, flippers, $cucco_to_sunken, $natzu_to_suburbs, $fountain_to_D2",
					],
				"sections": [
				  {
					"name": "Tree owl",
					"access_rules": [
						"$check_hint",
					],
					"item_count": 1
				  }
				],
				"map_locations": [
				  {
					"map": "owls",
					"x": 621,
					"y": 407
				  }
				]
			},
			{
				"name": "Snake's Remains",
				"access_rules": [
					"$suburbs_to_fountain, $fountain_to_D2, $enter_d2",
				],
				"sections": [
				  {
					"name": "Dodongo owl",
					"access_rules": [
						"$check_hint, $d2clear",
						
						"$check_hint, d2sk:2, $d2_A, $use_seeds, emberseeds, $kill_normal, bracelet, bombs",
						"$check_hint, d2sk:1, [d2sk:2], $d2_A, $use_seeds, emberseeds, $kill_normal, bracelet, bombs",
						"$check_hint, d2sk:2, $d2_A, $use_seeds, mysteryseeds, [emberseeds], $kill_normal, bracelet, bombs",
						"$check_hint, d2sk:1, [d2sk:2], $d2_A, $use_seeds, mysteryseeds, [emberseeds], $kill_normal, bracelet, bombs",
						"$check_hint, d2sk:2, $d2_B, bracelet, bombs",
						"$check_hint, d2sk:1, [d2sk:2], $d2_B, bracelet, bombs",
					],
					"item_count": 1
				  }
				],
				"map_locations": [
				  {
					"map": "owls",
					"x": 578,
					"y": 364
				  }
				]
			},
			{
				"name": "Spool Swamp",
				"access_rules": [
					"$pegasus_tree"
				],
				"sections": [
				  {
					"name": "Floodgate tunnel owl",
					"access_rules": [
						"$check_hint, $hit_lever",
					],
					"item_count": 1
				  }
				],
				"map_locations": [
				  {
					"map": "owls",
					"x": 109,
					"y": 279
				  }
				]
			},
			{
				"name": "Poison Moth's Lair",
				"access_rules": [
					"$enter_d3"
				],
				"sections": [
				  {
					"name": "Spike beetles owl",
					"access_rules": [
						"$check_hint",
					],
					"item_count": 1
				  },
				  {
					"name": "Trampoline owl",
					"access_rules": [		
						"$check_hint, $d3clear",
						
						"$check_hint, $kill_beetle, $max_jump:1",
						"$check_hint, bracelet, shovel, $max_jump:1",
						"$check_hint, bracelet, shield1, $max_jump:1",
					],
					"item_count": 1
				  },
				  {
					"name": "Omuai owl",
					"access_rules": [		
						"$check_hint, $d3clear",
						
						"$check_hint, $kill_beetle, $max_jump:1",
						"$check_hint, bracelet, shovel, $max_jump:1",
						"$check_hint, bracelet, shield1, $max_jump:1",
					],
					"item_count": 1
				  },
				],
				"map_locations": [
				  {
					"map": "owls",
					"x": 25,
					"y": 279
				  }
				]
			},
			{
				"name": "Dancing Dragon Dungeon",
				"access_rules": [
					"$enter_d4",
				],
				"sections": [
				  {
					"name": "Stalfos owl",
					"access_rules": [			
						"$check_hint, $d4clear",
						
						"$check_hint, d4sk:2, flippers, $max_jump:1, $hit_lever",
					],
					"item_count": 1
				  },
				  {
					"name": "Gohma jump owl",
					"access_rules": [		
						"$check_hint, $d4clear",
						
						"$check_hint, d4sk:5, flippers, $max_jump:2, bombs, $hit_lever, $kill_shroudedstalfos, $kill_normal, $kill_agunima, $hit_far_lever, $kill_wizzrobe_cart",
						"$check_hint, d4sk:3, [d4sk:5], flippers, $max_jump:2, bombs, $hit_lever, $kill_shroudedstalfos, $kill_normal, $kill_agunima, $hit_far_lever, $kill_wizzrobe_cart",
						"$check_hint, d4sk:5, flippers, $max_jump:2, bombs, $hit_lever, bracelet, $kill_agunima, $hit_far_lever, $kill_wizzrobe_cart",
						"$check_hint, d4sk:3, [d4sk:5], flippers, $max_jump:2, bombs, $hit_lever, bracelet, $kill_agunima, $hit_far_lever, $kill_wizzrobe_cart",
					],
					"item_count": 1
				  },
				],
				"map_locations": [
				  {
					"map": "owls",
					"x": 578,
					"y": 68
				  }
				]
			},
			{
				"name": "Unicorn's Cave",
				"access_rules": [
					"$enter_d5",
				],
				"sections": [
				  {
					"name": "Four Armos owl",
					"access_rules": [			
						"$check_hint, $d5clear",
						
						"$check_hint, magnet, $kill_moldorm, $kill_ironmask",
						"$check_hint, $max_jump:2, bombs, $kill_moldorm, $kill_ironmask",
						"$check_hint, $max_jump:1, bombs, [$max_jump:2], $kill_moldorm, $kill_ironmask",
						"$check_hint, flippers, $max_jump:1, bombs, $kill_moldorm, $kill_ironmask",
					],
					"item_count": 1
				  },
				],
				"map_locations": [
				  {
					"map": "owls",
					"x": 449,
					"y": 364
				  }
				]
			},
			{
				"name": "Explorer's Crypt",
				"access_rules": [
					// possible sequence breaks
					"polishedbell, $village_to_suburbs, $destroy_bush, $temple_to_hns, $coast_to_D7",
					
					"polishedbell, $scent_tree, $cross_natzu, $natzu_to_suburbs, $temple_to_hns, $coast_to_D7",
					"polishedbell, $scent_tree, $cross_natzu, $natzu_to_suburbs, $portal_mountain, $coast_to_D7",
					"polishedbell, $scent_tree, $cross_natzu, $natzu_to_suburbs, $portal_village, $coast_to_D7",
					"polishedbell, $sunken_city, $natzu_to_suburbs, $temple_to_hns, $coast_to_D7",
					"polishedbell, $sunken_city, $natzu_to_suburbs, $portal_mountain, $coast_to_D7",
					"polishedbell, $sunken_city, $natzu_to_suburbs, $portal_village, $coast_to_D7",
					"polishedbell, $scent_tree, $natzu_to_moblin, $moblin_keep_to_sunken, $natzu_to_suburbs, $temple_to_hns, $coast_to_D7",
					"polishedbell, $scent_tree, $natzu_to_moblin, $moblin_keep_to_sunken, $natzu_to_suburbs, $portal_mountain, $coast_to_D7",
					"polishedbell, $scent_tree, $natzu_to_moblin, $moblin_keep_to_sunken, $natzu_to_suburbs, $portal_village, $coast_to_D7",
					"polishedbell, $mount_cucco, flippers, $cucco_to_sunken, $natzu_to_suburbs, $temple_to_hns, $coast_to_D7",
					"polishedbell, $mount_cucco, flippers, $cucco_to_sunken, $natzu_to_suburbs, $portal_mountain, $coast_to_D7",
					"polishedbell, $mount_cucco, flippers, $cucco_to_sunken, $natzu_to_suburbs, $portal_village, $coast_to_D7",
					
					"polishedbell, $portal_swamp, $temple_to_beach, $destroy_bush, $temple_to_hns, $coast_to_D7",
					"polishedbell, $portal_swamp, $temple_to_beach, $destroy_bush, $portal_mountain, $coast_to_D7",
					"polishedbell, $portal_swamp, $temple_to_beach, $destroy_bush, $portal_village, $coast_to_D7",
					"polishedbell, $portal_mountain, $temple_to_hns, $destroy_bush, $temple_to_hns, $coast_to_D7",
					"polishedbell, $portal_mountain, $temple_to_hns, $destroy_bush, $portal_mountain, $coast_to_D7",
					"polishedbell, $portal_mountain, $temple_to_hns, $destroy_bush, $portal_village, $coast_to_D7",
					"polishedbell, $portal_village, $temple_to_hns, $destroy_bush, $temple_to_hns, $coast_to_D7",
					"polishedbell, $portal_village, $temple_to_hns, $destroy_bush, $portal_mountain, $coast_to_D7",
					"polishedbell, $portal_village, $temple_to_hns, $destroy_bush, $portal_village, $coast_to_D7",
					"polishedbell, $portal_remains, $remains_to_temple, $destroy_bush, $temple_to_hns, $coast_to_D7",
					"polishedbell, $portal_remains, $remains_to_temple, $destroy_bush, $portal_mountain, $coast_to_D7",
					"polishedbell, $portal_remains, $remains_to_temple, $destroy_bush, $portal_village, $coast_to_D7",
				],
				"sections": [
				  {
					"name": "Poe curse owl",
					"access_rules": [			
						"$check_hint",
					],
					"item_count": 1
				  },
				  {
					"name": "Stalfos hint owl",
					"access_rules": [			
						"$check_hint, $d7clear",
						
						"$check_hint, d7sk:5, bracelet, $shoot_seeds, emberseeds, $kill_poe, [satchel], [pegasusseeds], flippers, $max_jump:3",
						"$check_hint, d7sk:4, [d7sk:5], bracelet, $shoot_seeds, emberseeds, $kill_poe, [satchel], [pegasusseeds], flippers, $max_jump:3",
								
						"$check_hint, d7sk:5, bracelet, slingshot2, emberseeds, $kill_poe, flippers, $max_jump:4, [satchel], [pegasusseeds]",
						"$check_hint, d7sk:4, [d7sk:5], bracelet, slingshot2, emberseeds, $kill_poe, flippers, $max_jump:4, [satchel], [pegasusseeds]",
					],
					"item_count": 1
				  },
				],
				"map_locations": [
				  {
					"map": "owls",
					"x": 25,
					"y": 578
				  }
				]
			},
			{
				"name": "Sword and Shield Maze",
				"access_rules": [
					"$scent_tree, $enter_remains, $portal_remains, bombs, $portal_d8"
				],
				"sections": [
				  {
					"name": "Armos wait owl",
					"access_rules": [			
						"$check_hint, $d8clear",
						
						"$check_hint, d8sk:2, $kill_magunesu, $max_jump:3",
						"$check_hint, d8sk:2, $kill_magunesu, $max_jump:2, [$max_jump:3]",
					],
					"item_count": 1
				  },
				  {
					"name": "Frypolar owl",
					"access_rules": [			
						"$check_hint, $d8clear",
						
						"$check_hint, d8sk:2, $kill_magunesu, $max_jump:3, magnet",
						"$check_hint, d8sk:2, $kill_magunesu, $max_jump:2, magnet, [$max_jump:3]",
					],
					"item_count": 1
				  },
				  {
					"name": "Ice crystals owl",
					"access_rules": [			
						"$check_hint, $d8clear",
						
						"$check_hint, d8sk:4, $kill_magunesu, $max_jump:3, magnet, slingshot2, emberseeds",
						"$check_hint, d8sk:1, [d8sk:4], $kill_magunesu, $max_jump:4, [slingshot2], [emberseeds]",
						"$check_hint, d8sk:4, $kill_magunesu, $max_jump:2, [$max_jump:3], magnet, slingshot2, emberseeds",
					],
					"item_count": 1
				  },
				],
				"map_locations": [
				  {
					"map": "owls",
					"x": 194,
					"y": 25
				  }
				]
			},
		]
	}
]