﻿{
	"map_enabled": true,
	"auto_pin_capturing_locations": false,
	"auto_unpin_on_clear": true,
	"allow_resize": true,
	"layout_swap_left_right": false,
	//"disabled_image_filter": "dim",
	"layouts": {

		"shared_item_grid":{
		  "type": "array",
		  "orientation": "horizontal",
		  
		  // Need 2 items in this array [Menu Items Array, Key Items/Essences Array]
		  "content": [
		  
			// Menu Items
			{
			  "type": "array",
			  "orientation": "vertical",
			  "scale": 1,
			  // need 1 for menu items (itemgrid), 1 for satchel/seeds([item, itemgrid]), 1 for rod/seasons ([item,itemgrid])
			  "content": [
				
				// Most Menu Items
				{
				  "type": "itemgrid",
				  "item_size": 55,
				  "item_margin": "8,-5,5,10",
				  "margin": "40, 0, 0, 0",
				 // This scales the items on the left.
				  "scale": 1,
				  "rows": [
					["sword1", "shield", "ring_energy", "memberscard", "d1", "d5"],
					["strength", "feather", "ring_fist", "plaque", "d2", "d6"],
					["slingshot1", "glove", "ring_swimmer", "blueore", "d3", "d7"],
					["boomerang1", "shovel", "ring_expert", "redore", "d4", "d8"],
					["bombs", "bestweapon", "hook", "flippers", "starore", "ribbon"],
					["natzu_unknown", "flute", "seedshooter", "banana", "hardore", "rustybell"]
				  ]
				},

				
				// Satchel/Seeds
				{
				  "type": "array",
				  "orientation": "horizontal",
				  "alignment": "center",
				 // This scales the Satchel and the Seeds
				  "scale": 1,
				  "margin": "55,0,0,0",
				  "content": [
					{
					  "type": "item",
					  "item": "satchel",
					  "scale": 0.31,
					  "item_size": 48
					},
					
					{
					  "type": "itemgrid",
					  "item_size": 25,
					  "margin": "-2,-3,0,0",
					  "item_margin": "12, 5, 0, -10",
					  "h_alignment": "center",
					  "rows": [
						["emberseeds", "mysteryseeds"],
						["scentseeds"],
						["pegasusseeds", "galeseeds"]
					  ]
					},
					{
						"type": "itemgrid",
						"item_size": 30,
						"margin": "12,0,0,0",
						"item_margin": "0,0,0,0",
						"rows": [
						  ["roundjewel"],
						  ["squarejewel"]
						]
					},
					{
						"type": "itemgrid",
						"item_size": 30,
						"margin": "1,0,11,0",
						"item_margin": "0,0,0,0",
						"rows": [
						  ["pyramidjewel"],
						  ["xjewel"]
						]
					}, 
					{
						"type": "itemgrid",
						"item_size": 63,
						"margin": "3, 0, 0, 0",
						"item_margin": "-23, 0, 0, 0",
						"h_alignment": "center",
						"rows": [
						  ["dragonkey", "floodkey", "gnarledkey"]
						]
					},
					{
						"type": "item",
						"item": "rod",
						"item_size": 25,
						"scale": 0.33,
						"margin": "-16, -2, 0, 0"
					},
					{
						"type": "itemgrid",
						"item_size": 25,
						"margin": "-3, -4, 0, 10",
						"item_margin": "8, 11, 0, -5",
						"h_alignment": "center",
						"rows": [
						  ["summer", "fall"],
						  ["spring", "winter"]
						]
					  }
					]
				  }		
			
				
				// Aesthetically pleasing circle of essences
				/*{
				  "type": "itemgrid",
				  "h_alignment": "center",
				  "item_margin": "6,10,6,6",
				  "margin": "0,3,0,0",
				  "item_size": 40,
				  "rows": [
					["d1", "d2"],
					["d8","","","d3"],
					["d7","","","d4"],
					["d6","d5"]
				  ]
				},
			  
				// Dungeon Items
				{
				  "type": "itemgrid",
				  "h_alignment": "center",
				  "item_margin": "3,8,3,1",
				  "margin": "0,-92,0,0",
				  "item_size": 26,
				  "rows": [
					["d1chest", "d2chest"],
					["d8chest","","","d3chest"],
					["d7chest","","","d4chest"],
					["d6chest","d5chest"]
				  ]
				}*/
			
			  ] 
			}
			
			
		  ]    
	  },
	  
	  "tracker_capture_item": {
		  "type": "container",
		  "content": {
			  "type": "array",
			  "orientation": "horizontal",
			  "content": [
				  {
					  "type": "itemgrid",
					  "h_alignment": "center",
					  "item_margin": "1,2",
					  "rows": [
						  ["emberseeds"],
						  ["scentseeds"],
						  ["pegasusseeds"],
						  ["galeseeds"],
						  ["mysteryseeds"]
					  ]
				  },
				  {
					  "type": "itemgrid",
					  "h_alignment": "center",
					  "item_margin": "1,2",
					  "margin": "10,0,0,0",
					  "rows": [
						  ["sword1", "shield", "feather", "boomerang", "slingshot1", "season", "satchel"],
						  ["bracelet", "magnet", "shovel", "flute_generic", "foolsore", "flippers", "banana"],
						  ["starore", "blueore", "redore", "hardore", "plaque", "memberscard"],
						  ["ribbon", "gnarledkey", "floodkey", "dragonkey", "rustybell", "hook"],
						  ["canesomaria", "seedshooter", "xjewel", "squarejewel", "roundjewel", "pyramidjewel"]
					  ]
				  }
			  ]
			  
			  
		  }
	  },
	  
	  
		"tracker_default": {
		"type": "container",
  
		"background": "#595959",
		"content": {
		  "type": "dock",
		  "dropshadow": true,
		  "content": [
			{
			  "type": "dock",
			  "dock": "left",
			  "v_alignment": "stretch",
			  "margin": "0,0,3,0",
			  "content": [
				{
				  "type": "group",
				  "header": "Key Items & Essences",
				  "dock": "bottom",
				  "content": {
					  "type": "layout",
					  "margin": 0,
					  "key": "shared_item_grid"
				  }
				},
				{
					"type":"group",
					"header":"Dungeon Entrances & Keys",
					"dock":"bottom",
					"content": {
						"type":"array",
						"orientation":"vertical",
						"content": [
							{
							"type":"itemgrid",
							"item_size":60,
							"margin":"0, 0, 0, 0",
							"item_margin":"9,0,0,0",
							"rows":[
								["soil", "time", "sun", "rain", "warmth", "wind", "life", "changing"],
								["d1_ent", "d2_ent", "d3_ent", "d4_ent", "d5_ent", "d6_ent", "d7_ent", "d8_ent"]
							]
						},
						{
						"type":"itemgrid",
						"item_size": 33, 
						"margin": "0, 5, 130, 0",
						"item_margin":"2,0,0,0",
						"alignment": "left",
						"rows":[
							["d1sk", "d1bk", "d2sk", "d2bk", "d3sk", "d3bk", "d4sk", "d4bk"]
						]
						},
						{
							"type":"itemgrid",
							"item_size": 33, 
							"margin":"146,-16,0,0",
							"item_margin": "2,0,0,0",
							"alignment": "right",
							"rows":[
								["d5sk", "d5bk", "d6sk", "d6bk", "d7sk", "d7bk", "d8sk", "d8bk"]
						]
						}
					]
				}
				},
				{
				  "type": "group",
				  "header": "Default Seasons",
				  "content": {
					"type": "itemgrid",
					"h_alignment": "center",
					  "item_size": 64,
					  "margin": "10, 10, 0, 0",
					  "item_margin": "5, 0, 5, 0",
					  "rows": [
						["north_label", "north_winter", "swamp_label", "swamp_fall"],
						["suburbs_label", "suburbs_fall", "sunken_label", "sunken_summer"],
						["wow_label", "wow_summer", "coast_label", "season_coast"],
						["plain_label", "plain_spring", "temple_label", "temple_winter"]				  
					  ]
				  }
				},
				{
				  "type": "group",
				  "header": "Subrosia Portals",
				  "content": {
					  "type": "itemgrid",
					  "h_alignment": "center",
						"item_size": 64,
						"margin": "0, 10,0, 0",
						"item_margin": "5, 0, 5, 0",
						"rows": [
						  ["sportal_eastern_suburbs", "portal_eastern_suburbs", "sportal_spool_swamp", "Spool_Swamp_Portal"],
						  ["sportal_mt_cucco", "portal_mt_cucco", "sportal_north_horon", "portal_North_Horon"],
						  ["sportal_temple_bottom", "portal_bottom_temple_remains", "sportal_temple_peak", "portal_peak_temple_remains"],
						  ["sportal_horon_village", "portal_horon_village"]
						]
					  }
				  }
			  ]
			},
			{
			  "type": "dock",
			  "v_alignment": "stretch",
			  "margin": "0,0,0,0",
			  "content": [
				{
				  "type": "tabbed",
				  "dock": "top",
				  // This Scales both Subrosia and Holodrum maps
				  "scale": 1,
				  "max_height": 400,
				  "tabs": [
					{
					  "title": "Holodrum & Subrosia",
					  "icon": "images/sword1.png",
					  "content": {
						"type": "map",
						"maps": [
						  "holodrum", "subrosia"
						]
					  }
					},
					/*{
					  "title": "Hints",
					  "icon": "images/owl_closed.png",
					  "content": {
						"type": "map",
						"maps": [
						  "owls"
						]
					  }
					},*/
				  ]
				},
				{
				  "type": "group",
				  "header": "Pinned Locations",
				  "margin": "0,0,0,0",
				  "content": {
					"type": "recentpins",
					"style": "wrap",
					"orientation": "horizontal",
					"compact": true
				  }
				}
			  ]
			}
		]
		}
	}
}
}

  
  
  
  