﻿[
	{
		"name": "Holodrum",
		"chest_unopened_img": "images/chest.png",
		"chest_opened_img": "images/chestopen.png",
		"color": "#00ff08",
		"children": [
			{
				"name": "Horon Village",
				"children": [
					{
						"name": "Maku Tree",
						"access_rules": [
							"sword1",
						],
						"sections": [
						  {
							"name": "Maku Tree gift",
							"item_count": 1
						  }
						],
						"map_locations": [
						  {
							"map": "holodrum",
							"x": 407,
							"y": 534
						  }
						]
					},
					/*{
						"name": "Debug location",
						"access_rules": [
							"$portal_mountain",
							"$portal_village_hard"
						],
						"sections": [
						  {
							"name": "Is it accessible?",
							"item_count": 1
						  }
						],
						"map_locations": [
						  {
							"map": "holodrum",
							"x": 0,
							"y": 0
						  }
						]
					},*/
					{
						"name": "Mushroom chest",
						"access_rules": [
								"$destroy_mushroom",
							],
						"sections": [
						  {
							"name": "Fall chest",
							"item_count": 1
						  }
						],
						"map_locations": [
						  {
							"map": "holodrum",
							"x": 237,
							"y": 662
						  }
						]
					},
					{
						"name": "Dr. Left's House",
						"sections": [
						  {
							"name": "Pond chest",
							"access_rules": [
								"bombs"
							],
							"item_count": 1
						  }
						],
						"map_locations": [
						  {
							"map": "holodrum",
							"x": 407,
							"y": 662
						  }
						]
					},
					{
						"name": "Horon Shop",

						"sections": [
						  {
							"name": "Unique item (150)",
							"access_rules": [
								"",
							],
							"capture_item": true,
							"item_count": 1
						  },
						  {
							"name": "Member's Shop 1 (300)",
							"access_rules": [
								"$member_shop",
							],
							"capture_item": true,
							"item_count": 1
						  },
						  {
							"name": "Member's Shop 2 (200)",
							"access_rules": [
								"$member_shop",
							],
							"capture_item": true,
							"item_count": 1
						  },
						  {
							"name": "Member's Shop 3 (300)",
							"access_rules": [
								"$member_shop",
							],
							"capture_item": true,
							"item_count": 1
						  },
						  
						],
						"map_locations": [
						  {
							"map": "holodrum",
							"x": 281,
							"y": 620
						  }
						]
					},
				]
			},
			{
				"name": "Western Coast",
				"children": [
					{
						"name": "Hero's Cave",
						"sections": [
						  {
							"name": "First chest",
							"item_count": 1
						  },
						  {
							"name": "Final chest\n/Linked start",
							"access_rules": [
								"d0sk:1"
							],
							"item_count": 1
						  },
						  {
							"name": "Side entrance",
							"access_rules": [
								"$destroy_bush_flute"
							],
							"item_count": 1
						  },
						  {
							"name": "Hero's cave\nsmall key",
							"hosted_item": "d0sk",
							"item_count": 0
						  },
						],
						"map_locations": [
						  {
							"map": "holodrum",
							"x": 194,
							"y": 578
						  }
						]
					},
					{
						"name": "The Black Beast",
						"access_rules": [
							"$shoot_seeds, mysteryseeds, $kill_moldorm_hard"
						],
						"sections": [
						  {
							"name": "Kill the beast",
							"item_count": 1
						  },
						],
						"map_locations": [
						  {
							"map": "holodrum",
							"x": 194,
							"y": 662
						  }
						]
					},
					{
						"name": "Pirate area",
						"access_rules": [
							"$pirate_ship_hard",
						],
						"sections": [
						  {
							"name": "Coast chest",
							"item_count": 1
						  },
						],
						"map_locations": [
						  {
							"map": "holodrum",
							"x": 152,
							"y": 620
						  }
						]
					},
					{
						"name": "Abandoned house",
						"access_rules": [
							"$pirate_ship_hard",
						],
						"sections": [
						  {
							"name": "Bed chest",
							"item_count": 1
						  },
						],
						"map_locations": [
						  {
							"map": "holodrum",
							"x": 109,
							"y": 578
						  }
						]
					},
				]
			},	
			{
				"name": "North Horon",
				"children": [
					{
						"name": "Eyeglass Lake",
						"access_rules": [
							"$max_jump:3",
							"north_fall, $max_jump:1",
							"$north_stump, fall, $max_jump:1",
						],
						"sections": [
						  {
							"name": "Pits chest",
							"item_count": 1
						  },
						],
						"map_locations": [
						  {
							"map": "holodrum",
							"x": 366,
							"y": 492
						  }
						]
					},
					{
						"name": "Dry Eyeglass Lake",
						"sections": [
						  {
							"name": "Bomb cave",
							"access_rules": [
								"$north_stump, bombs, flippers, north_summer, $max_jump:1",
								"$north_stump, bombs, flippers, north_summer, $moosh",
								"$north_stump, bombs, flippers, summer, $max_jump:1",
								"$north_stump, bombs, flippers, summer, $moosh",
								
								"$north_stump, $ricky, flippers, north_summer",
								"$north_stump, $ricky, flippers, summer",
								
								"$d5_stump, bombs, summer, flippers",
								"$d5_stump, $ricky, summer, flippers",
								
								"$enter_d5, bombs, north_summer, bracelet, $max_jump:1, flippers",
								"$enter_d5, $ricky, north_summer, bracelet, $max_jump:1, flippers",
							],
							"item_count": 1
						  },
						],
						"map_locations": [
						  {
							"map": "holodrum",
							"x": 324,
							"y": 448
						  }
						]
					},
					{
						"name": "Dry Eyeglass Lake",
						"access_rules": [
								"$d5_stump, $wet_lake, summer, bracelet",
								"$d5_stump, $wet_lake, north_summer, $enter_d5, bracelet",
							],
						"sections": [
						  {
							"name": "Rock cave",
							"item_count": 1
						  },
						],
						"map_locations": [
						  {
							"map": "holodrum",
							"x": 449,
							"y": 448
						  }
						]
					},
				]
			},
			{
				"name": "Eastern Suburbs",
				"access_rules": [
					//"$suburbs_hard",
					
					"$village_to_suburbs",
					
					"$sunken_city, $natzu_to_suburbs",
					"$scent_tree_hard, $natzu_to_moblin_hard, $moblin_keep_to_sunken, $natzu_to_suburbs",
					"$scent_tree_hard, $cross_natzu_hard, $natzu_to_suburbs",
					"$mount_cucco, flippers, $cucco_to_sunken, $natzu_to_suburbs",
					
					"$portal_swamp, $temple_to_beach, $destroy_bush",
					"$portal_mountain, $temple_to_hns_hard, $destroy_bush",
					"$portal_lake_hard, $furnace_to_beach_hard, $temple_to_beach, $destroy_bush",
					"$portal_village_hard, $temple_to_hns_hard, $destroy_bush",
					"$portal_remains_hard, $remains_to_temple_hard, $destroy_bush",
					
					//"$fairy_fountain_natzu_hard, satchel, galeseeds",
					
					//"$fairy_fountain_natzu_hard, suburbs_spring",
					//"treewarp, $fairy_fountain_natzu_hard, [spring]",
					//"notreewarp, $fairy_fountain_natzu_hard, spring"
				],
				"children": [
					{
						"name": "Spring stairs",
						"sections": [
						  {
							"name": "Chest",
							"access_rules": [
								"spring, bracelet, $max_jump:2",
								"spring, bracelet, $max_jump:1, bombs",
								"spring, bracelet, magnet",
								"suburbs_spring, bracelet, $max_jump:2",
								"suburbs_spring, bracelet, $max_jump:1, bombs",
								"suburbs_spring, bracelet, magnet",
							],
							"item_count": 1
						  }
						],
						"map_locations": [
						  {
							"map": "holodrum",
							"x": 534,
							"y": 534
						  }
						]
					},
					
					{
						"name": "Woods of Winter tree",
						"chest_unopened_img": "images/tree_mystery.png",
						"chest_opened_img": "images/tree_mystery.png",
						"access_rules": [
							"$suburbs_to_fountain, $fountain_to_D2",
							
							"$sunken_city, $natzu_to_suburbs, $fountain_to_D2",
							"$scent_tree_hard, $natzu_to_moblin_hard, $moblin_keep_to_sunken, $natzu_to_suburbs, $fountain_to_D2",
							"$mount_cucco, flippers, $cucco_to_sunken, $natzu_to_suburbs, $fountain_to_D2",
						],
						"sections": [
						  {
							"name": "Seeds",
							"access_rules": [
								"$harvest_seeds",
								"$use_seeds, $dimitri",
								"{}"
							],
							"capture_item": true,
							"item_count": 1,
							//"hosted_item": "tree_wow"
						  },
						],
						"map_locations": [
						  {
							"map": "holodrum",
							"x": 621,
							"y": 407
						  }
						]
					},
				]
			},
			{
				"name": "Woods of Winter",
				"access_rules": [
					"$village_to_suburbs, $suburbs_to_fountain, $fountain_to_WoW",
					
					"$sunken_city, $natzu_to_suburbs, $fountain_to_WoW",
					"$scent_tree_hard, $natzu_to_moblin_hard, $moblin_keep_to_sunken, $natzu_to_suburbs, $fountain_to_WoW",
					"$mount_cucco, flippers, $cucco_to_sunken, $natzu_to_suburbs, $fountain_to_WoW",
					
					"$portal_swamp, $temple_to_beach, $destroy_bush, $suburbs_to_fountain, $fountain_to_WoW",
					"$portal_mountain, $temple_to_hns_hard, $destroy_bush, $suburbs_to_fountain, $fountain_to_WoW",
					"$portal_lake_hard, $furnace_to_beach_hard, $temple_to_beach, $destroy_bush, $suburbs_to_fountain, $fountain_to_WoW",
					"$portal_village_hard, $temple_to_hns_hard, $destroy_bush, $suburbs_to_fountain, $fountain_to_WoW",
					"$portal_remains_hard, $remains_to_temple_hard, $destroy_bush, $suburbs_to_fountain, $fountain_to_WoW",
					
					"$sunken_city, $sunken_to_wow, flippers",
					],
				"children": [
					{
						"name": "Moblin Road",
						"sections": [
						  {
							"name": "Bomb cave",
							"access_rules": [
								"bombs, $destroy_bush, wow_spring",
								"bombs, $destroy_bush, [wow_spring], $sunken_city, $sunken_to_wow, flippers",
								"bombs, $destroy_bush, wow_summer",
								"bombs, $destroy_bush, [wow_summer], $sunken_city, $sunken_to_wow, flippers",
								"bombs, $destroy_bush, wow_fall",
								"bombs, $destroy_bush, [wow_fall], $sunken_city, $sunken_to_wow, flippers",
								"bombs, $destroy_bush, spring",
								"bombs, $destroy_bush, [spring], $sunken_city, $sunken_to_wow, flippers",
								"bombs, $destroy_bush, summer",
								"bombs, $destroy_bush, [summer], $sunken_city, $sunken_to_wow, flippers",
								"bombs, $destroy_bush, fall",
								"bombs, $destroy_bush, [fall], $sunken_city, $sunken_to_wow, flippers",
								
								"$ricky, $destroy_bush, wow_spring",
								"$ricky, $destroy_bush, [wow_spring], $sunken_city, $sunken_to_wow, flippers",
								"$ricky, $destroy_bush, wow_summer",
								"$ricky, $destroy_bush, [wow_summer], $sunken_city, $sunken_to_wow, flippers",
								"$ricky, $destroy_bush, wow_fall",
								"$ricky, $destroy_bush, [wow_fall], $sunken_city, $sunken_to_wow, flippers",
								"$ricky, $destroy_bush, spring",
								"$ricky, $destroy_bush, [spring], $sunken_city, $sunken_to_wow, flippers",
								"$ricky, $destroy_bush, summer",
								"$ricky, $destroy_bush, [summer], $sunken_city, $sunken_to_wow, flippers",
								"$ricky, $destroy_bush, fall",
								"$ricky, $destroy_bush, [fall], $sunken_city, $sunken_to_wow, flippers",
							],
							"item_count": 1
						  },
						],
						"map_locations": [
						  {
							"map": "holodrum",
							"x": 578,
							"y": 322
						  }
						]
					},
					{
						"name": "Waterfall cave",
						"sections": [
						  {
							"name": "Chest between Sunken \nCity and Moblin Road",
							"access_rules": [
								"$max_jump:3",
								"$max_jump:2, bombs",
								"flippers",
							],
							"item_count": 1
						  },
						],
						"map_locations": [
						  {
							"map": "holodrum",
							"x": 621,
							"y": 300
						  }
						]
					},
					{
						"name": "Holly's House",
						"sections": [
						  {
							"name": "Be Santa Claus",
							"access_rules": [
								"wow_winter", 
								"winter",
							],
							"item_count": 1
						  },
						],
						"map_locations": [
						  {
							"map": "holodrum",
							"x": 663,
							"y": 322
						  }
						]
					},
				]
			},
			{
				"name": "Holodrum Plain",
				"access_rules": [
					"$scent_tree_hard"
				],
				"children": [
					{
						"name": "Holodrum Plain tree",
						"chest_unopened_img": "images/tree_scent.png",
						"chest_opened_img": "images/tree_scent.png",
						"sections": [
						  {
							"name": "Seeds",
							"access_rules": [
								"$harvest_seeds",
								"$use_seeds, $dimitri",
								"{}"
							],
							"capture_item": "true",
							"item_count": 1,
							//"hosted_item": "tree_plain"
						  },
						],
						"map_locations": [
						  {
							"map": "holodrum",
							"x": 323,
							"y": 279
						  }
						]
					},
					{
						"name": "Blaino's gym",
						"sections": [
						  {
							"name": "(ง •̀_•́)ง",
							"item_count": 1
						  },
						],
						"map_locations": [
						  {
							"map": "holodrum",
							"x": 366,
							"y": 322
						  }
						]
					},
					{
						"name": "Cave behind mushrooms",
						"sections": [
						  {
							"name": "Upper ledge chest",
							"access_rules": [
								"flippers, $destroy_mushroom, plain_fall",
								"flippers, $dimitri, plain_fall",
								
								"flippers, $destroy_mushroom, $plain_stump_hard, fall",
								"flippers, $dimitri, $plain_stump_hard, fall",
							],
							"item_count": 1
						  },
						],
						"map_locations": [
						  {
							"map": "holodrum",
							"x": 323,
							"y": 364
						  }
						]
					},
					{
						"name": "Old man",
						"sections": [
						  {
							"name": "Free item",
							"access_rules": [
								"flippers",
								"$dimitri",
							],
							"item_count": 1
						  },
						],
						"map_locations": [
						  {
							"map": "holodrum",
							"x": 237,
							"y": 492
						  }
						]
					},
					{
						"name": "Flooded Cave",
						"sections": [
						  {
							"name": "Water chest",
							"access_rules": [
								"flippers",
							],
							"item_count": 1
						  },
						],
						"map_locations": [
						  {
							"map": "holodrum",
							"x": 152,
							"y": 492
						  }
						]
					},
				]
			},
			{
				"name": "Spool Swamp",
				"children": [
					{
						"name": "Spool Swamp tree",
						"chest_unopened_img": "images/tree_pegasus.png",
						"chest_opened_img": "images/tree_pegasus.png",
						"access_rules": [
								"$pegasus_tree"
							],
						"sections": [
						  {
							"name": "Seeds",
							"access_rules": [
								"$harvest_seeds",
								"$use_seeds, $dimitri",
								"{}"
							],
							"capture_item": "true",
							"item_count": 1,
							//"hosted_item": "tree_swamp"
						  },
						],
						"map_locations": [
						  {
							"map": "holodrum",
							"x": 109,
							"y": 322
						  }
						]
					},
					{
						"name": "Floodgate Keeper",
						"sections": [
						  {
							"name": "Flooded item",
							"access_rules": [
								"$pegasus_tree_hard, $hit_lever",
							],
							"item_count": 1
						  },
						],
						"map_locations": [
						  {
							"map": "holodrum",
							"x": 109,
							"y": 279
						  }
						]
					},
					{
						"name": "Winter cave",
						"sections": [
						  {
							"name": "Chest",
							"access_rules": [
								"$south_swamp_hard, swamp_winter, shovel, bombs",
								"$south_swamp_hard, swamp_winter, $any_flute, bombs",
								"$south_swamp_hard, swamp_winter, $ricky",
								
								"$south_swamp_hard, $swamp_stump_hard, winter, shovel, bombs",
								"$south_swamp_hard, $swamp_stump_hard, winter, $any_flute, bombs",
								"$south_swamp_hard, $swamp_stump_hard, winter, $ricky",
							],
							"item_count": 1
						  },
						],
						"map_locations": [
						  {
							"map": "holodrum",
							"x": 109,
							"y": 534
						  }
						]
					},
				]
			},
			{
				"name": "Natzu region",
				"children": [
					{
						"name": "Lone staircase",
						"sections": [
						  {
							"name": "Moving platforms chest",
							"access_rules": [
								"$scent_tree_hard, flippers",
								"$scent_tree_hard, $dimitri",
								"$sunken_city, natzu_dimitri, $max_jump:4",
							],
							"item_count": 1
						  },
						  
						],
						"map_locations": [
						  {
							"map": "holodrum",
							"x": 407,
							"y": 195
						  }
						]
					},
					{
						"name": "Moblin's Keep",
						"sections": [
						  {
							"name": "Ruins chest",
							"access_rules": [
								"$scent_tree, $natzu_to_moblin, bracelet",
								
								"$sunken_city, $sunken_to_moblin_hard, bracelet",
								"$mount_cucco_hard, flippers, $cucco_to_sunken, $sunken_to_moblin_hard, bracelet",
							],
							"item_count": 1
						  },
						],
						"map_locations": [
						  {
							"map": "holodrum",
							"x": 493,
							"y": 237
						  }
						]
					},
				]
			},	
			{
				"name": "Sunken City Area",
				"color": "#ff3c00",
				"access_rules": [
					"$sunken_city",
					
					"$scent_tree, $cross_natzu_hard, $cross_water",
					"$scent_tree, $cross_natzu_hard, sunken_winter",
					"$scent_tree, $natzu_to_moblin_hard, $moblin_keep_to_sunken, $cross_water",
					"$scent_tree, $natzu_to_moblin_hard, $moblin_keep_to_sunken, sunken_winter",
					"$mount_cucco, flippers, $cucco_to_sunken",
				],
				"children": [
					{
						"name": "Sunken City tree",
						"chest_unopened_img": "images/tree_gale.png",
						"chest_opened_img": "images/tree_gale.png",
						"sections": [
						  {
							"name": "Seeds",
							"access_rules": [
								"$harvest_seeds",
								"$use_seeds, $dimitri",
								"$use_seeds, bombs",
								"{}"
							],
							"capture_item": "true",
							"item_count": 1,
							//"hosted_item": "tree_sunken"
						  },
						],
						"map_locations": [
						  {
							"map": "holodrum",
							"x": 663,
							"y": 237
						  }
						]
					},
					{
						"name": "Waterfalls",
						"access_rules": [
							"$waterfalls"
						],
						"sections": [
						  {
							"name": "Master Diver's \nchallenge",
							"access_rules": [
								"sword1, $max_jump:1",
								"sword1, flippers",
							],
							"item_count": 1
						  },
						  {
							"name": "The Master \nDiver",
							"access_rules": [
								"$dimitri, plaque",
								"$max_jump:1, plaque",
								"flippers, plaque",
								"sunken_winter, plaque"
							],
							"item_count": 1
						  },
						  {
							"name": "Chest opposite \nto the Master",
							"access_rules": [
								"$max_jump:1",
								"flippers",
								"sunken_winter",
								"$dimitri"
							],
							"item_count": 1
						  },
						],
						"map_locations": [
						  {
							"map": "holodrum",
							"x": 621,
							"y": 110
						  }
						]
					},
					{
						"name": "Sunken City cliffs",
						"sections": [
						  {
							"name": "Summer cave",
							"access_rules": [
								"$destroy_bush, flippers, sunken_summer",
								"$destroy_bush, flippers, summer",
							],
							"item_count": 1
						  },
						],
						"map_locations": [
						  {
							"map": "holodrum",
							"x": 662,
							"y": 195
						  }
						]
					},
				]
			},
			{
				"name": "Mount Cucco Area",
				"access_rules": [
					"$mount_cucco_hard"
				],
				"children": [
					{
						"name": "Mt. Cucco peak",
						"sections": [
						  {
							"name": "Banana",
							"access_rules": [
								
								"{spring, bracelet}",
								"{sunken_spring, bracelet}",	
								"spring, bracelet, $max_jump:1, sword1",
								"spring, bracelet, $max_jump:1, foolsore, $destroy_flower",
								"spring, bracelet, $max_jump:1, foolsore, banana",
								"spring, bracelet, $max_jump:1, foolsore, satchel, galeseeds",
								"sunken_spring, bracelet, $max_jump:1, sword1",								
								"sunken_spring, bracelet, $max_jump:1, foolsore, $destroy_flower",								
								"sunken_spring, bracelet, $max_jump:1, foolsore, banana",								
								"sunken_spring, bracelet, $max_jump:1, foolsore, satchel, galeseeds",								
								
							],
							"capture_item": true,
							"item_count": 1
						  },
						],
						"map_locations": [
						  {
							"map": "holodrum",
							"x": 662,
							"y": 25
						  }
						]
					},
					{
						"name": "Mt. Cucko cave",
						"sections": [
						  {
							"name": "Platform item",
							"access_rules": [
								"spring, bracelet, $destroy_flower",
								"sunken_spring, bracelet, $destroy_flower",
								"bracelet, satchel, galeseeds",
								"bracelet, [satchel], [galeseeds], treewarp",														
							],
							"item_count": 1
						  },
						],
						"map_locations": [
						  {
							"map": "holodrum",
							"x": 662,
							"y": 68
						  }
						]
					},
					{
						"name": "Talon's Cave",
						"sections": [
						  {
							"name": "Chest past blocks",
							"access_rules": [
								"$talon_cave_hard",	
							],
							"item_count": 1
						  },
						],
						"map_locations": [
						  {
							"map": "holodrum",
							"x": 493,
							"y": 68
						  }
						]
					},
					{
						"name": "Diving spot near D4",
						"sections": [
						  {
							"name": "Underwater item",
							"access_rules": [
								"$talon_cave_hard, flippers",
							],
							"item_count": 1
						  },
						],
						"map_locations": [
						  {
							"map": "holodrum",
							"x": 598,
							"y": 50
						  }
						]
					},
				]
			},
			{
				"name": "Goron Mountain",
				"children": [
					{
						"name": "Moosh area",
						"sections": [
						  {
							"name": "Pits item",
							"access_rules": [
								"{$mount_cucco_hard}",
								"$mount_cucco_hard, banana",
								"$mount_cucco_hard, $max_jump:3",
							],
							"capture_item": true,
							"item_count": 1
						  },
						],
						"map_locations": [
						  {
							"map": "holodrum",
							"x": 449,
							"y": 68
						  }
						]
					},
					{
						"name": "Goron Caves",
						"sections": [
						  {
							"name": "Lava room chest",
							"access_rules": [
								"$goron_mountain_hard, bombs, $max_jump:2",
							],
							"item_count": 1
						  },
						],
						"map_locations": [
						  {
							"map": "holodrum",
							"x": 386,
							"y": 88
						  }
						]
					},
				]
			},
			{
				"name": "Tarm Ruins",
				"access_rules": [
					"$tarm_ruins_hard"
				],
				"children": [
					{
						"name": "The pedestal™",
						"sections": [
						  {
							"name": "Winter->W->Fall->\nW->Spring->W->\nSummer->W",
							"access_rules": [
								"$destroy_mushroom, winter, spring, summer, fall"
							],
							"item_count": 1
						  },
						  
						],
						"map_locations": [
						  {
							"map": "holodrum",
							"x": 25,
							"y": 195
						  }
						]
					},
					{
						"name": "Tarm Ruins tree",
						"chest_unopened_img": "images/tree_gale.png",
						"chest_opened_img": "images/tree_gale.png",
						"access_rules": [
								"$destroy_mushroom, winter, spring, summer, fall"
							],
						"sections": [
						  {
							"name": "Seeds",
							"access_rules": [
								"$harvest_seeds",
								"{}",
							],
							"capture_item": "true",
							"item_count": 1,
							//"hosted_item": "tree_tarm"
						  },
						],
						"map_locations": [
						  {
							"map": "holodrum",
							"x": 25,
							"y": 68
						  }
						]
					},
					{
						"name": "Tree behind mushrooms",
						"sections": [
						  {
							"name": "Chest down the stairs",
							"access_rules": [
								"$tarm_tree, $use_seeds, emberseeds",
								],
							"item_count": 1
						  },
						  
						],
						"map_locations": [
						  {
							"map": "holodrum",
							"x": 15,
							"y": 85
						  }
						]
					},
				]
			},
			{
				"name": "Samasa Desert",
				"access_rules": [
					"$suburbs_hard, $pirate_house_hard",
					
					"$sunken_city, $natzu_to_suburbs, $pirate_house_hard",
					"$scent_tree_hard, $natzu_to_moblin_hard, $moblin_keep_to_sunken, $natzu_to_suburbs, $pirate_house_hard",
					"$mount_cucco, flippers, $cucco_to_sunken, $natzu_to_suburbs, $pirate_house_hard",
						
					"$portal_swamp, $temple_to_beach, $destroy_bush, $pirate_house_hard",
					"$portal_mountain, $temple_to_hns_hard, $destroy_bush, $pirate_house_hard",
					"$portal_village_hard, $temple_to_hns_hard, $destroy_bush, $pirate_house_hard",
					"$portal_remains_hard, $remains_to_temple_hard, $destroy_bush, $pirate_house_hard",
						
					//"treewarp, $fairy_fountain_natzu_hard, $pirate_house, [spring]",
					//"notreewarp, $fairy_fountain_natzu_hard, $pirate_house, spring",
					//"notreewarp, $fairy_fountain_natzu_hard, $pirate_house, satchel, galeseeds"
				],
				"children": [
					{
						"name": "Samasa Desert",
						"sections": [
						  {
							"name": "Pits item",
							"access_rules": [
								"bracelet"
							],
							"item_count": 1
						  },
						],
						"map_locations": [
						  {
							"map": "holodrum",
							"x": 621,
							"y": 580
						  }
						]
					},
					{
						"name": "SW pit",
						"sections": [
						  {
							"name": "Secret chest",
							"access_rules": [
								"flippers"
							],
							"item_count": 1
						  },
						],
						"map_locations": [
						  {
							"map": "holodrum",
							"x": 663,
							"y": 662
						  }
						]
					},
				]
			},
			{
				"name": "Temple Remains",
				"color": "#ff3c00",
				"children": [
					{
						
					},
				]
			},
		
		]
	}
]