﻿[
	{
		"name": "Holodrum",
		"chest_unopened_img": "images/chest.png",
		"chest_opened_img": "images/chestopen.png",
		"color": "#00ff08",
		"children": [
			{
				"name": "Western Coast",
				"children": [
					{
						"name": "Explorer's Crypt",
						"access_rules": [
							"$d7_shuffle_hard",
						],
						"sections": [
						  {
							"name": "Chest in \nbombable wall",
							"access_rules": [
								// Can get every single chest in D7
								"$d7clear_hard",
								
								"bombs"
							],
							"item_count": 1
						  },
						  {
							"name": "Wizzrobe\nchest",
							"access_rules": [
								// Can get every single chest in D7
								"$d7clear_hard",
								
								"$kill_hard"
							],
							"item_count": 1
						  },
						  {
							"name": "Chest before \nfirst poe",
							"access_rules": [
								// Can get every single chest in D7
								"$d7clear_hard",
								
								//"d7sk:5",
								//"d7sk:1, [d7sk:5]",
								
								// Accessing poe 1 is 1 key but the chest is behind 5 to avoid a key being there
								// Therefore, show as accessible with only 1 key
								"d7sk:1, $kill_normal",
							],
							"item_count": 1
						  },
						  {
							"name": "Zol trampoline\ndrop",
							"access_rules": [
								// Can get every single chest in D7
								"$d7clear_hard",
								
								"d7sk:1, bracelet, $shoot_seeds, emberseeds, $kill_poe_hard, $max_jump:1",
								"d7sk:1, bracelet, $shoot_seeds, mysteryseeds, $kill_poe_hard, $max_jump:1",
								"bracelet, satchel, pegasusseeds, $max_jump:1",
							],
							"item_count": 1
						  },
						  {
							"name": "Armos puzzle\ndrop",
							"access_rules": [
								// Can get every single chest in D7
								"$d7clear_hard",
								
								"d7sk:1, bracelet, $shoot_seeds, emberseeds, $kill_poe_hard, $max_jump:2",
								"d7sk:1, bracelet, $shoot_seeds, emberseeds, $kill_poe_hard, magnet",
								"d7sk:1, bracelet, $shoot_seeds, mysteryseeds, $kill_poe_hard, $max_jump:2",
								"d7sk:1, bracelet, $shoot_seeds, mysteryseeds, $kill_poe_hard, magnet",
								"bracelet, satchel, pegasusseeds, $max_jump:2",
								"bracelet, satchel, pegasusseeds, magnet",
							],
							"item_count": 1
						  },
						  {
							"name": "Magnet ball\nchest",
							"access_rules": [
								// Can get every single chest in D7
								"$d7clear_hard",
								
								"d7sk:1, bracelet, $shoot_seeds, emberseeds, $kill_poe_hard, $max_jump:2, $kill_magunesu, magnet",
								"d7sk:1, bracelet, $shoot_seeds, mysteryseeds, $kill_poe_hard, $max_jump:2, $kill_magunesu, magnet",
								"bracelet, satchel, pegasusseeds, $max_jump:2, $kill_magunesu, magnet",
							],
							"item_count": 1
						  },
						  {
							"name": "Chest up trampoline \nbefore second poe",
							"access_rules": [
								// Can get every single chest in D7
								"$d7clear_hard",
								
								"d7sk:2, bracelet, $shoot_seeds, emberseeds, $kill_poe_hard, $max_jump:1",
								"d7sk:2, bracelet, $shoot_seeds, mysteryseeds, $kill_poe_hard, $max_jump:1",
							
								"d7sk:1, [d7sk:2], bracelet, [magnet], satchel, pegasusseeds, $max_jump:1",
							],
							"item_count": 1
						  },
						  {
							"name": "Spike island \nchest",
							"access_rules": [
								// Can get every single chest in D7
								"$d7clear_hard",
								
								"d7sk:3, bracelet, $shoot_seeds, emberseeds, $kill_poe_hard, flippers, $max_jump:3",
								"d7sk:2, [d7sk:3], bracelet, $shoot_seeds, emberseeds, $kill_poe_hard, flippers, $max_jump:3",
								"d7sk:3, bracelet, $shoot_seeds, emberseeds, $kill_poe_hard, flippers, $kill_darknut_across, $max_jump:1",
								"d7sk:2, [d7sk:3], bracelet, $shoot_seeds, emberseeds, $kill_poe_hard, flippers, $kill_darknut_across, $max_jump:1",
								"d7sk:3, bracelet, $shoot_seeds, emberseeds, $kill_poe_hard, flippers, magnet, $max_jump:1",
								"d7sk:2, [d7sk:3], bracelet, $shoot_seeds, emberseeds, $kill_poe_hard, flippers, magnet, $max_jump:1",
							],
							"item_count": 1
						  },
						  {
							"name": "Chest in \nstair maze",
							"access_rules": [
								// Can get every single chest in D7
								"$d7clear_hard",
								
								"d7sk:4, bracelet, $shoot_seeds, emberseeds, $kill_poe_hard, flippers, $max_jump:3",
								"d7sk:3, [d7sk:4], bracelet, $shoot_seeds, emberseeds, $kill_poe_hard, flippers, $max_jump:2, bombs",
							],
							"item_count": 1
						  },
						  {
							"name": "Magnet spinner\ndrop",
							"access_rules": [
								// Can get every single chest in D7
								"$d7clear_hard",
								
								"d7sk:4, bracelet, $shoot_seeds, emberseeds, $kill_poe_hard, flippers, $max_jump:3, magnet",
								"d7sk:4, bracelet, $shoot_seeds, emberseeds, $kill_poe_hard, flippers, $max_jump:2, bombs, magnet",
								"d7sk:3, [d7sk:4], bracelet, $shoot_seeds, emberseeds, $kill_poe_hard, flippers, $max_jump:3, magnet",
								"d7sk:3, [d7sk:4], bracelet, $shoot_seeds, emberseeds, $kill_poe_hard, flippers, $max_jump:2, bombs, magnet",
								"d7sk:4, bracelet, $shoot_seeds, emberseeds, $kill_poe_hard, flippers, $max_jump:4, [magnet]",
								"d7sk:3, [d7sk:4], bracelet, $shoot_seeds, emberseeds, $kill_poe_hard, flippers, $max_jump:4, [magnet]",
								
								"d7sk:4, bracelet, slingshot2, emberseeds, $kill_poe_hard, flippers, $max_jump:3, magnet",
								"d7sk:4, bracelet, slingshot2, emberseeds, $kill_poe_hard, flippers, $max_jump:2, bombs, magnet",
								"d7sk:3, [d7sk:4], bracelet, slingshot2, emberseeds, $kill_poe_hard, flippers, $max_jump:3, magnet",
								"d7sk:3, [d7sk:4], bracelet, slingshot2, emberseeds, $kill_poe_hard, flippers, $max_jump:2, bombs, magnet",
								"d7sk:4, bracelet, slingshot2, emberseeds, $kill_poe_hard, flippers, $max_jump:4, [magnet]",
								"d7sk:3, [d7sk:4], bracelet, slingshot2, emberseeds, $kill_poe_hard, flippers, $max_jump:4, [magnet]",
							],
							"item_count": 1
						  },
						  {
							"name": "Far east \nstalfos chest",
							"access_rules": [
								// Can get every single chest in D7
								"$d7clear_hard",
								
								"d7sk:5, bracelet, $kill_hard, $shoot_seeds, emberseeds, $kill_poe_hard, flippers, $max_jump:3",
								"d7sk:4, [d7sk:5], bracelet, $kill_hard, $shoot_seeds, emberseeds, $kill_poe_hard, flippers, $max_jump:2, bombs",
							],
							"item_count": 1
						  },
						  
						  {
							"name": "Gleeok \nreward",
							"access_rules": [
								// Can get every single chest in D7
								"$d7clear_hard",
								
								"d7bk, d7sk:4, bracelet, $kill_gleeok_hard, satchel, pegasusseeds, emberseeds, $kill_poe_hard, flippers, $max_jump:3",
								"d7bk, d7sk:3, [d7sk:4], bracelet, $kill_gleeok_hard, satchel, pegasusseeds, emberseeds, $kill_poe_hard, flippers, $max_jump:3",
								
								"d7bk, d7sk:4, bracelet, $kill_gleeok_hard, satchel, pegasusseeds, emberseeds, $kill_poe_hard, flippers, $max_jump:2, bombs",
								"d7bk, d7sk:3, [d7sk:4], bracelet, $kill_gleeok_hard, satchel, pegasusseeds, emberseeds, $kill_poe_hard, flippers, $max_jump:2, bombs",
							],
							"item_count": 1
						  },
						  {
							"name": "Seeds \nof Life",
							"access_rules": [
								// Can get every single chest in D7
								"$d7clear_hard",
								
								"d7bk, d7sk:4, bracelet, $kill_gleeok_hard, satchel, pegasusseeds, emberseeds, $kill_poe_hard, flippers, $max_jump:3",
								"d7bk, d7sk:3, [d7sk:4], bracelet, $kill_gleeok_hard, satchel, pegasusseeds, emberseeds, $kill_poe_hard, flippers, $max_jump:3",
								
								"d7bk, d7sk:4, bracelet, $kill_gleeok_hard, satchel, pegasusseeds, emberseeds, $kill_poe_hard, flippers, $max_jump:2, bombs",
								"d7bk, d7sk:3, [d7sk:4], bracelet, $kill_gleeok_hard, satchel, pegasusseeds, emberseeds, $kill_poe_hard, flippers, $max_jump:2, bombs",
							],
							"hosted_item": "d7",
							"item_count": 0
						  },
						  {
							"name": "D7 small\nkeys",
							"hosted_item": "d7sk",
							"item_count": 0
						  },
						  {
							"name": "D7 boss \nkey",
							"hosted_item": "d7bk",
							"item_count": 0
						  },
						],
						"map_locations": [
						  {
							"map": "holodrum",
							"x": 25,
							"y": 578
						  }
						]
					},
					{
						"name": "Get ember seeds in \nD7's Poe rooms",
						"access_rules": [
								"$d7_shuffle_hard",
							],
						"sections": [
						  {
							"name": "Respawnable bushes",
							"access_rules": [
								"$destroy_bush_respawn",
							],
							"hosted_item": "emberseeds",
							"item_count": 0
						  },
						],
						"map_locations": [
						  {
							"map": "holodrum",
							"x": 40,
							"y": 563
						  }
						]
					},
				]
			},	
			{
				"name": "North Horon",
				"children": [
					{
						"name": "Gnarled Root Dungeon",
						"access_rules": [
							"$d1_shuffle_hard"
						],
						"sections": [
							{
								"name": "Stalfos \ndrop",
								"access_rules": [
										// Can get every single chest in D1
										"$d1clear_hard",
										
										"$kill_stalfos_hard",
										"bracelet"
									],
								"item_count": 1
							},
							{
								"name": "Stalfos \nchest",
								"access_rules": [
										// Can get every single chest in D1
										"$d1clear_hard",
										
										"d1sk:1, $kill_stalfos_hard",
										"d1sk:1, bracelet"
									],
								"item_count": 1
							},
							{
								"name": "Chest past \ntorch door",
								"access_rules": [
										// Can get every single chest in D1
										"$d1clear_hard",
										
										"d1sk:1, $kill_stalfos_hard, $kill_hard, $use_seeds, emberseeds",
										"d1sk:1, bracelet, $kill_hard, $use_seeds, mysteryseeds"
									],
								"item_count": 1
							},
							{
								"name": "Block moving \nchest",
								"access_rules": [
										// Can get every single chest in D1
										"$d1clear_hard",
										
										"d1sk:1, $kill_stalfos_hard",
										"d1sk:1, bracelet",
									],
								"item_count": 1
							},
							{
								"name": "Lever \nchest",
								"access_rules": [
										// Can get every single chest in D1
										"$d1clear_hard",
										
										"d1sk:1, $kill_stalfos_hard",
										"d1sk:1, bracelet"
									],
								"item_count": 1
							},
							{
								"name": "Minecart \nchest",
								"access_rules": [
										// Can get every single chest in D1
										"$d1clear_hard",
										
										"d1sk:1, $kill_stalfos_hard, $hit_lever",
										"d1sk:1, bracelet"
									],
								"item_count": 1
							},
							{
								"name": "Button \nchest",
								"access_rules": [
										// Can get every single chest in D1
										"$d1clear_hard",
										
										"d1sk:1, $kill_stalfos_hard, $hit_lever",
										"d1sk:1, bracelet"
									],
								"item_count": 1
							},
							{
								"name": "Underground \nitem",
								"access_rules": [
										// Can get every single chest in D1
										"$d1clear_hard",
										
										"d1sk:2, $kill_stalfos_hard, $hit_lever, $kill_goriyabros_hard, bombs",
										"d1sk:2, bracelet, $hit_lever, $kill_goriyabros_hard, bombs"
									],
								"item_count": 1
							},
							{
								"name": "Floormaster \nchest",
								"access_rules": [
										// Can get every single chest in D1
										"$d1clear_hard",
										
										"$use_seeds, emberseeds",
										"$use_seeds, mysteryseeds",
									],
								"item_count": 1
							},
							
							{
								"name": "Aquamentus \nreward",
								"access_rules": [
								  // Can get every single chest in D1
										"$d1clear_hard",
								  
								  "d1bk, $use_seeds, emberseeds, $kill_aquamentus_hard",
								  "d1bk, $use_seeds, mysteryseeds, $kill_aquamentus_hard"
								],
								"item_count": 1
							},
							{
								"name": "Fertile \nSoil",
								"access_rules": [
								  // Can get every single chest in D1
										"$d1clear_hard",
								  
								  "d1bk, $use_seeds, emberseeds, $kill_aquamentus_hard",
								  "d1bk, $use_seeds, mysteryseeds, $kill_aquamentus_hard"
								],
								"hosted_item": "d1",
								"item_count": 0
							},
							{
								"name": "D1 small\nkeys",
								"hosted_item": "d1sk",
								"item_count": 0
							},
							{
								"name": "D1 boss \nkey",
								"hosted_item": "d1bk",
								"item_count": 0
							},
							  		
						],
						"map_locations": [
						  {
							"map": "holodrum",
							"x": 281,
							"y": 407
						  }
						]
					},
					{
						"name": "Unicorn's Cave",
						"access_rules": [
							"$d5_shuffle_hard"
						],
						"sections": [
						  {
							"name": "Cart \nchest",
								"access_rules": [
									// Can get every single chest in D5
									"$d5clear_hard",
									
									"$hit_lever, $max_jump:2",
									"$hit_lever, $max_jump:1, bombs",
									"$hit_lever, flippers",
								],
							"item_count": 1
						  },
						  {
							"name": "East gibdo \nroom chest",
								"access_rules": [
									// Can get every single chest in D5
									"$d5clear_hard",
									
									// water room way
									"$kill_hard, $kill_gibdo_hard, $max_jump:2",
									"$kill_hard, $kill_gibdo_hard, $max_jump:1, bombs",
									"$kill_hard, $kill_gibdo_hard, flippers, $max_jump:1",
									"$kill_hard, $kill_gibdo_hard, flippers, satchel, pegasusseeds",
									
									// west wing way
									"$kill_hard, $kill_gibdo_hard, magnet, bombs, $max_jump:1",
								],
							"item_count": 1
						  },
						  {
							"name": "Magnet ball \nchest",
							"access_rules": [
									// Can get every single chest in D5
									"$d5clear_hard",
									
									// water room way (with minecart chest)
									"d5sk:5, $hit_lever, $max_jump:3",
									"d5sk:1, [d5sk:5], $hit_lever, $max_jump:3",
									"d5sk:5, $hit_lever, flippers, $max_jump:1",
									"d5sk:1, [d5sk:5], $hit_lever, flippers, $max_jump:1",
									"d5sk:5, $hit_lever, flippers, satchel, pegasusseeds",
									"d5sk:1, [d5sk:5], $hit_lever, flippers, satchel, pegasusseeds",
									
									// water room way (with any magnet-only key)
									"d5sk:5, magnet, $max_jump:3",
									"d5sk:1, [d5sk:5], magnet, $max_jump:3",
									"d5sk:5, magnet, flippers, $max_jump:1",
									"d5sk:1, [d5sk:5], magnet, flippers, $max_jump:1",
									"d5sk:5, magnet, flippers, satchel, pegasusseeds",
									"d5sk:1, [d5sk:5], magnet, flippers, satchel, pegasusseeds",

								],
							"item_count": 1
						  },
						  {
							"name": "West gap \nchest",
							"access_rules": [
									// Can get every single chest in D5
									"$d5clear_hard",
									
									"$max_jump:3",
									"magnet",
								],
							"item_count": 1
						  },
						  {
							"name": "Moving floor \nchest",
							"access_rules": [
									// Can get every single chest in D5
									"$d5clear_hard",
									
									"$kill_moldorm_hard, $kill_hard",
								],
							"item_count": 1
						  },
						  {
							"name": "West terrace \nchest",
							"access_rules": [
									// Can get every single chest in D5
									"$d5clear_hard",
									
									"magnet",
									"$max_jump:1, bombs",
								],
							"item_count": 1
						  },
						  {
							"name": "Four Armos \nchest",
							"access_rules": [
									// Can get every single chest in D5
									"$d5clear_hard",
									
									"magnet, $kill_moldorm_hard, $kill_hard",
									"$max_jump:1, bombs, $kill_moldorm_hard, $kill_hard",
								],
							"item_count": 1
						  },
						  {
							"name": "Magnet spinner \nchest",
							"access_rules": [
									// Can get every single chest in D5
									"$d5clear_hard",
									
									"$max_jump:4",
									"$max_jump:2, magnet",
									"$max_jump:1, bombs, magnet",
									"flippers, magnet",
								],
							"item_count": 1
						  },
						  {
							"name": "Chest before\nSyger",
							"access_rules": [
									// Can get every single chest in D5
									"$d5clear_hard",
									
									"$max_jump:3",
									"$max_jump:2, magnet",
									"$max_jump:1, bombs, [$max_jump:2], magnet",
									"flippers, magnet",
								],
							"item_count": 1
						  },
						  {
							"name": "Underground item \nafter midboss",
							"access_rules": [
								// Can get every single chest in D5
								"$d5clear_hard",
								
								"d5sk:5, $hit_lever, $max_jump:1, bombs, magnet, $kill_syger_hard, $kill_darknut_hard",
								"d5sk:3, [d5sk:5], $hit_lever, $max_jump:1, bombs, magnet, $kill_syger_hard, $kill_darknut_hard",
								"d5sk:5, $hit_lever, flippers, magnet, $kill_syger_hard, $kill_darknut_hard",
								"d5sk:3, [d5sk:5], $hit_lever, flippers, magnet, $kill_syger_hard, $kill_darknut_hard",
							],
							"item_count": 1
						  },
						  
						  {
							"name": "Digdogger \nreward",
							"access_rules": [
								// Can get every single chest in D5
								"$d5clear_hard",
								
								"d5bk, d5sk:5, $max_jump:2, magnet, $kill_syger_hard",
								"d5bk, d5sk:2, [d5sk:5], $max_jump:2, magnet, $kill_syger_hard",
								"d5bk, d5sk:5, $max_jump:1, bombs, magnet, $kill_syger_hard",
								"d5bk, d5sk:2, [d5sk:5], $max_jump:1, bombs, magnet, $kill_syger_hard",
								"d5bk, d5sk:5, flippers, magnet, $kill_syger_hard",
								"d5bk, d5sk:2, [d5sk:5], flippers, magnet, $kill_syger_hard",
							],
							"item_count": 1
						  },
						  {
							"name": "Nurturing \nWarmth",
							"access_rules": [
								// Can get every single chest in D5
								"$d5clear_hard",
								
								"d5bk, d5sk:5, $max_jump:2, magnet, $kill_syger_hard",
								"d5bk, d5sk:2, [d5sk:5], $max_jump:2, magnet, $kill_syger_hard",
								"d5bk, d5sk:5, $max_jump:1, bombs, magnet, $kill_syger_hard",
								"d5bk, d5sk:2, [d5sk:5], $max_jump:1, bombs, magnet, $kill_syger_hard",
								"d5bk, d5sk:5, flippers, magnet, $kill_syger_hard",
								"d5bk, d5sk:2, [d5sk:5], flippers, magnet, $kill_syger_hard",
							],
							"hosted_item": "d5",
							"item_count": 0
						  },
						  {
							"name": "D5 small\nkeys",
							"hosted_item": "d5sk",
							"item_count": 0
						  },
					      {
							"name": "D5 boss \nkey",
							"hosted_item": "d5bk",
							"item_count": 0
						  },
						],
						"map_locations": [
						  {
							"map": "holodrum",
							"x": 449,
							"y": 364
						  }
						]
					},
					{
						"name": "Get ember seeds in \nD5's Armos room",
						"access_rules": [
								"$d5_shuffle_hard"
							],
						"sections": [
						  {
							"name": "Inside the 3rd chest",
							"access_rules": [
								"magnet, $kill_ironmask_hard, $kill_moldorm_hard, $kill_armos_hard",
								"$max_jump:1, bombs",
							],
							"hosted_item": "emberseeds",
							"item_count": 0
						  },
						],
						"map_locations": [
						  {
							"map": "holodrum",
							"x": 435,
							"y": 350
						  }
						]
					},
				]
			},
			{
				"name": "Eastern Suburbs",
				"access_rules": [
				],
				"children": [
					{
						"name": "Outside D2",
						"access_rules": [
							"$suburbs_to_fountain, $fountain_to_D2",
							
							"$sunken_city, $natzu_to_suburbs, $fountain_to_D2",
							"$scent_tree_hard, $natzu_to_moblin_hard, $moblin_keep_to_sunken, $natzu_to_suburbs, $fountain_to_D2",
							"$mount_cucco, flippers, $cucco_to_sunken, $natzu_to_suburbs, $fountain_to_D2",
						],
						"sections": [
						  {
							"name": "Lone chest",
							"access_rules": [
								"$ricky, bracelet",
								"wow_summer, bracelet",
							],
							"item_count": 1
						  },
						  {
							"name": "Mushroom cave chest",
							"access_rules": [
								"wow_fall, $destroy_mushroom, magnet",
								"wow_fall, $destroy_mushroom, $max_jump:3",
								"wow_fall, $destroy_mushroom, $max_jump:2, bombs",
								
								"fall, $ricky, $destroy_mushroom, magnet",
								"fall, wow_summer, $destroy_mushroom, magnet",
								"fall, $ricky, $destroy_mushroom, $max_jump:3",
								"fall, wow_summer, $destroy_mushroom, $max_jump:3",
							],
							"item_count": 1
						  },
						],
						"map_locations": [
						  {
							"map": "holodrum",
							"x": 621,
							"y": 364
						  }
						]
					},
					{
						"name": "Snake's Remains",
						"access_rules": [
							"$d2_shuffle_hard"
						],
						"sections": [
						  {
							"name": "Hole room \nchest",
							"item_count": 1
						  },
						  {
							"name": "Rope \ndrop",
							"access_rules": [
								// Can get every single chest in D2
								"$d2clear_hard",
								
								"$d2_A, $kill_hard",
								"$d2_B, $kill_hard, bracelet",
							],
							"item_count": 1
						  },
						  {
							"name": "Block rectangle \nchest",
							"access_rules": [
								// Can get every single chest in D2
								"$d2clear_hard",
								
								"$d2_A, $kill_hard, $use_seeds, emberseeds",
								"$d2_A, $kill_hard, $use_seeds, emberseeds",
								"$d2_A, $kill_hard, $use_seeds, mysteryseeds",
								"$d2_A, $kill_hard, $use_seeds, mysteryseeds",
								"$d2_B, $kill_hard, bracelet",
								"$d2_B, $kill_hard, bracelet",
							],
							"item_count": 1
						  },
						  {
							"name": "Chest surrounded \nby pots",
							"access_rules": [
								// Can get every single chest in D2
								"$d2clear_hard",
								
								"d2sk:3, $d2_A, $kill_hard, $use_seeds, emberseeds, $destroy_pot",
								"d2sk:1, [d2sk:3], $d2_A, $kill_hard, $use_seeds, emberseeds, $destroy_pot",
								"d2sk:3, $d2_A, $kill_hard, $use_seeds, mysteryseeds, $destroy_pot",
								"d2sk:1, [d2sk:3], $d2_A, $kill_hard, $use_seeds, mysteryseeds, $destroy_pot",
								"d2sk:3, $d2_B, bracelet",
								"d2sk:1, [d2sk:3], $d2_B, bracelet",
							],
							"item_count": 1
						  },
						  {
							"name": "Moblin \nchest",
							"access_rules": [
								// Can get every single chest in D2
								"$d2clear_hard",
								
								"d2sk:3, $d2_A, $kill_hard, $use_seeds, emberseeds, $kill_hardhat_pit_hard, $kill_moblin_pit_hard",
								"d2sk:1, [d2sk:3], $d2_A, $kill_hard, $use_seeds, emberseeds, $kill_hardhat_pit_hard, $kill_moblin_pit_hard",
								"d2sk:3, $d2_A, $kill_hard, $use_seeds, emberseeds, bracelet",
								"d2sk:1, [d2sk:3], $d2_A, $kill_hard, $use_seeds, emberseeds, bracelet",
								"d2sk:3, $d2_A, $kill_hard, $use_seeds, mysteryseeds, $kill_hardhat_pit_hard, $kill_moblin_pit_hard",
								"d2sk:1, [d2sk:3], $d2_A, $kill_hard, $use_seeds, mysteryseeds, $kill_hardhat_pit_hard, $kill_moblin_pit_hard",
								"d2sk:3, $d2_A, $kill_hard, $use_seeds, mysteryseeds, bracelet",
								"d2sk:1, [d2sk:3], $d2_A, $kill_hard, $use_seeds, mysteryseeds, bracelet",
								"d2sk:3, $d2_B, bracelet",
								"d2sk:1, [d2sk:3], $d2_B, bracelet",
							],
							"item_count": 1
						  },
						  {
							"name": "Blade trap \nchest",
							"access_rules": [
								// Can get every single chest in D2
								"$d2clear_hard",
								
								"$d2_A, $use_seeds, emberseeds, $kill_hard",
								"$d2_A, $use_seeds, mysteryseeds, $kill_hard",
								"$d2_B, bracelet",
							],
							"item_count": 1
						  },
						  {
							"name": "Spiral \nchest",
							"access_rules": [
								// Can get every single chest in D2
								"$d2clear_hard",
								
								"$d2_A, $use_seeds, emberseeds, $kill_normal, bracelet, bombs",
								"$d2_A, $use_seeds, mysteryseeds, $kill_normal, bracelet, bombs",
								"$d2_B, bracelet, bombs",
							],
							"item_count": 1
						  },
						  {
							"name": "Chest before \nFaçade",
							"access_rules": [
								// Can get every single chest in D2
								"$d2clear_hard",
								
								"$d2_A, $use_seeds, emberseeds, $kill_hard, bracelet, bombs",
								"$d2_A, $use_seeds, mysteryseeds, $kill_hard, bracelet, bombs",
								"$d2_B, bracelet, bombs",
							],
							"item_count": 1
						  },
						  {
							"name": "Chest east of \nmoving platforms",
							"access_rules": [
								// Can get every single chest in D2
								"$d2clear_hard",
								
								"d2sk:2, $d2_A, $use_seeds, emberseeds, $kill_hard, bracelet, bombs",
								"d2sk:2, $d2_A, $use_seeds, mysteryseeds, $kill_hard, bracelet, bombs",
								"d2sk:2, $d2_B, bracelet, bombs, $kill_facade",
							],
							"item_count": 1
						  },
						  
						  {
							"name": "Dodongo \nreward",
							"access_rules": [
								// Can get every single chest in D2
								"$d2clear_hard",
								
								"d2bk, d2sk:2, $d2_A, $use_seeds, emberseeds, $kill_hard, bracelet, bombs",
								"d2bk, d2sk:1, [d2sk:2], $d2_A, $use_seeds, emberseeds, $kill_hard, bracelet, bombs",
								"$d2_A, d2sk:2, $use_seeds, mysteryseeds, $kill_hard, bracelet, bombs",
								"$d2_A, d2sk:1, [d2sk:2], $use_seeds, mysteryseeds, $kill_hard, bracelet, bombs",
								"$d2_B, d2sk:2, bracelet, bombs",
								"$d2_B, d2sk:1, [d2sk:2], bracelet, bombs",
							],
							"item_count": 1
						  },
						  {
							"name": "Gift \nof Time",
							"access_rules": [
								// Can get every single chest in D2
								"$d2clear_hard",
								
								"d2bk, d2sk:2, $d2_A, $use_seeds, emberseeds, $kill_hard, bracelet, bombs",
								"d2bk, d2sk:1, [d2sk:2], $d2_A, $use_seeds, emberseeds, $kill_hard, bracelet, bombs",
								"$d2_A, d2sk:2, $use_seeds, mysteryseeds, $kill_hard, bracelet, bombs",
								"$d2_A, d2sk:1, [d2sk:2], $use_seeds, mysteryseeds, $kill_hard, bracelet, bombs",
								"$d2_B, d2sk:2, bracelet, bombs",
								"$d2_B, d2sk:1, [d2sk:2], bracelet, bombs",
							],
							"hosted_item": "d2",
							"item_count": 0
						  },
						  {
							"name": "D2 small\nkeys",
							"hosted_item": "d2sk",
							"item_count": 0
						  },
					      {
							"name": "D2 boss \nkey",
							"hosted_item": "d2bk",
							"item_count": 0
						  },
						],
						"map_locations": [
						  {
							"map": "holodrum",
							"x": 578,
							"y": 364
						  }
						]
					},
					{
						"name": "Get bombs in \nD2's Moblin room",
						"access_rules": [
								"$d2_shuffle_hard"
							],
						"sections": [
						  {
							"name": "Respawnable bushes",
							"access_rules": [
								"$destroy_bush_respawn, $d2_A, $kill_hard, $use_seeds, emberseeds, $kill_hardhat_pit_hard",
								"$destroy_bush_respawn, $d2_A, $kill_hard, $use_seeds, mysteryseeds, $kill_hardhat_pit_hard",
								"$destroy_bush_respawn, $d2_B, bracelet, $kill_hardhat_pit_hard",
							],
							"hosted_item": "bombs",
							"item_count": 0
						  },
						],
						"map_locations": [
						  {
							"map": "holodrum",
							"x": 564,
							"y": 350
						  }
						]
					},
				]
			},
			{
				"name": "Spool Swamp",
				"children": [
					{
						"name": "Poison Moth's Lair",
						"access_rules": [
							"$d3_shuffle_hard"
						],
						"sections": [
						  {
							"name": "Roller \nchest",
							"access_rules": [
								// Can get every single chest in D3
								"$d3clear_hard",
								
								"$kill_beetle_hard, bracelet",
								"bracelet, shovel",
								"bracelet, shield1",
							],
							"item_count": 1
						  },
						  {
							"name": "Moldorm \nchest",
							"access_rules": [
								// Can get every single chest in D3
								"$d3clear_hard",
								
								"$kill_beetle_hard, $kill_moldorm_hard",
								"bracelet, shovel, $kill_moldorm_hard",
								"bracelet, shield1, $kill_moldorm_hard",
							],
							"item_count": 1
						  },
						  {
							"name": "Bombable \nwall chest",
							"access_rules": [
								// Can get every single chest in D3
								"$d3clear_hard",
								
								"$kill_beetle_hard, bombs",
								"bracelet, shovel, bombs",
								"bracelet, shield1, bombs",
							],
							"item_count": 1
						  },
						  {
							"name": "Mimic \nchest",
							"access_rules": [
								// Can get every single chest in D3
								"$d3clear_hard",
								
								"d3sk:2, $kill_beetle_hard, $kill_hard",
								"d3sk:1, [d3sk:2], $kill_beetle_hard, $kill_hard",
								"d3sk:2, shovel, bracelet, $kill_hard",
								"d3sk:1, [d3sk:2], shovel, bracelet, $kill_hard",
								"d3sk:2, shield1, bracelet, $kill_hard",
								"d3sk:1, [d3sk:2], shield1, bracelet, $kill_hard",
							],
							"item_count": 1
						  },
						  {
							"name": "Water room \nchest",
							"access_rules": [
								// Can get every single chest in D3
								"$d3clear_hard",
								
								"$kill_beetle_hard, bracelet",
								"shovel, bracelet",
								"shield1, bracelet",
								"$kill_beetle_hard, $max_jump:1",
							],
							"item_count": 1
						  },
						  {
							"name": "Isolated Zol \nchest",
							"access_rules": [
								// Can get every single chest in D3
								"$d3clear_hard",
								
								"$kill_beetle_hard, $max_jump:1",
								"shovel, bracelet, $max_jump:1",
								"shield1, bracelet, $max_jump:1",
							],
							"item_count": 1
						  },
						  {
							"name": "Trampoline \nchest",
							"access_rules": [
								// Can get every single chest in D3
								"$d3clear_hard",
								
								"$kill_beetle_hard, $max_jump:1",
								"shovel, bracelet, $max_jump:1",
								"shield1, bracelet, $max_jump:1",
							],
							"item_count": 1
						  },
						  {
							"name": "Chest before \nOmuai",
							"access_rules": [
								// Can get every single chest in D3
								"$d3clear_hard",
								
								"$kill_beetle_hard, $max_jump:1",
								"shovel, bracelet, $max_jump:1",
								"shield1, bracelet, $max_jump:1",
							],
							"item_count": 1
						  },
						  {
							"name": "Far left chest \nafter Omuai",
							"access_rules": [
								// Can get every single chest in D3
								"$d3clear_hard",
								
								"d3sk:2, $kill_beetle_hard, $kill_omuai_hard, $max_jump:1",
								"d3sk:1, [d3sk:2], $kill_beetle_hard, $kill_omuai_hard, $max_jump:1",
								"d3sk:2, shovel, $kill_omuai_hard, $max_jump:1",
								"d3sk:1, [d3sk:2], shovel, $kill_omuai_hard, $max_jump:1",
								"d3sk:2, shield1, $kill_omuai_hard, $max_jump:1",
								"d3sk:1, [d3sk:2], shield1, $kill_omuai_hard, $max_jump:1",
							],
							"item_count": 1
						  },
						  
						  {
							"name": "Mothula \nreward",
							"access_rules": [
								// Can get every single chest in D3
								"$d3clear_hard",
								
								"d3bk, d3sk:2, $kill_beetle_hard, $kill_omuai_hard, $max_jump:1, $kill_mothula_hard",
								"d3bk, d3sk:1, [d3sk:2], $kill_beetle_hard, $kill_omuai_hard, $max_jump:1, $kill_mothula_hard",
								"d3bk, d3sk:2, shovel, $kill_omuai_hard, $max_jump:1, $kill_mothula_hard",
								"d3bk, d3sk:1, [d3sk:2], shovel, $kill_omuai_hard, $max_jump:1, $kill_mothula_hard",
								"d3bk, d3sk:2, shield1, $kill_omuai_hard, $max_jump:1, $kill_mothula_hard",
								"d3bk, d3sk:1, [d3sk:2], shield1, $kill_omuai_hard, $max_jump:1, $kill_mothula_hard",
							],
							"item_count": 1
						  },
						  {
							"name": "Bright \nSun",
							"access_rules": [
								// Can get every single chest in D3
								"$d3clear_hard",
								
								"d3bk, d3sk:2, $kill_beetle_hard, $kill_omuai_hard, $max_jump:1, $kill_mothula_hard",
								"d3bk, d3sk:1, [d3sk:2], $kill_beetle_hard, $kill_omuai_hard, $max_jump:1, $kill_mothula_hard",
								"d3bk, d3sk:2, shovel, $kill_omuai_hard, $max_jump:1, $kill_mothula_hard",
								"d3bk, d3sk:1, [d3sk:2], shovel, $kill_omuai_hard, $max_jump:1, $kill_mothula_hard",
								"d3bk, d3sk:2, shield1, $kill_omuai_hard, $max_jump:1, $kill_mothula_hard",
								"d3bk, d3sk:1, [d3sk:2], shield1, $kill_omuai_hard, $max_jump:1, $kill_mothula_hard",
							],
							"hosted_item": "d3",
							"item_count": 0
						  },
						  {
							"name": "D3 small\nkeys",
							"hosted_item": "d3sk",
							"item_count": 0
						  },
					      {
							"name": "D3 boss \nkey",
							"hosted_item": "d3bk",
							"item_count": 0
						  },
						  
						],
						"map_locations": [
						  {
							"map": "holodrum",
							"x": 25,
							"y": 279
						  }
						]
					},
				]
			},
			{
				"name": "Mount Cucco Area",
				"access_rules": [
				],
				"children": [
					{
						"name": "Dancing Dragon Dungeon",
						"access_rules": [
								"$d4_shuffle_hard"
							],
						"sections": [
						  {
							"name": "Chest before \nminecart",
							"access_rules": [
								// Can get every single chest in D4
								"$d4clear_hard",
								
								"flippers",
								"$max_jump:4",
							],
							"item_count": 1
						  },
						  {
							"name": "Pot puzzle \ndrop",
							"access_rules": [
								// Can get every single chest in D4
								"$d4clear_hard",
								
								"flippers, bombs, bracelet",
								"$max_jump:4, bombs, bracelet",
							],
							"item_count": 1
						  },
						  {
							"name": "Maze \nchest",
							"access_rules": [
								// Can get every single chest in D4
								"$d4clear_hard",
								
								"flippers, $hit_lever",
								"$max_jump:4, $hit_lever",
							],
							"item_count": 1
						  },
						  {
							"name": "Dark room \nchest",
							"access_rules": [
								// Can get every single chest in D4
								"$d4clear_hard",
								
								"flippers, $hit_lever, $max_jump:1",
								"$max_jump:4, $hit_lever",
							],
							"item_count": 1
						  },
						  {
							"name": "Chest in \nbombable wall",
							"access_rules": [
								// Can get every single chest in D4
								"$d4clear_hard",
								
								"d4sk:1, flippers, $max_jump:1, bombs",
								"d4sk:1, $max_jump:4, bombs",
							],
							"item_count": 1
						  },
						  {
							"name": "Pool room \ndrop",
							"access_rules": [
								// Can get every single chest in D4
								"$d4clear_hard",
								
								"d4sk:1, flippers, $max_jump:1, $hit_lever, $kill_hard",
								"d4sk:1, flippers, $max_jump:1, $hit_lever, bracelet",
							],
							"item_count": 1
						  },
						  {
							"name": "Minecart terrace \nchest",
							"access_rules": [
								// Can get every single chest in D4
								"$d4clear_hard",
								
								"d4sk:2, flippers, $max_jump:1, bombs, $hit_lever, $kill_stalfos_hard",
								"d4sk:2, flippers, $max_jump:1, bombs, $hit_lever, bracelet",
							],
							"item_count": 1
						  },
						  {
							"name": "Minecart torch \nchest",
							"access_rules": [
								// Can get every single chest in D4
								"$d4clear_hard",
								
								"d4sk:2, flippers, $max_jump:1, $kill_stalfos_hard, $shoot_seeds, emberseeds",
								"d4sk:2, flippers, $max_jump:1, $kill_stalfos_hard, $shoot_seeds, mysteryseeds, [emberseeds]",
								"d4sk:2, flippers, $max_jump:1, bracelet, $shoot_seeds, emberseeds",
								"d4sk:2, flippers, $max_jump:1, bracelet, $shoot_seeds, mysteryseeds, [emberseeds]",
							],
							"item_count": 1
						  },
						  {
							"name": "Crumbling floors \nchest",
							"access_rules": [
								// Can get every single chest in D4
								"$d4clear_hard",
								
								"d4sk:5, flippers, $max_jump:1, $kill_stalfos_hard, $kill_agunima",
								"d4sk:3, [d4sk:5], flippers, $max_jump:1, $kill_stalfos_hard, $kill_agunima",
								"d4sk:5, flippers, $max_jump:1, bracelet, $kill_agunima",
								"d4sk:3, [d4sk:5], flippers, $max_jump:1, bracelet, $kill_agunima",
							],
							"item_count": 1
						  },
						  {
							"name": "Dive in the \nright eye",
							"access_rules": [
								// Can get every single chest in D4
								"$d4clear_hard",
								
								"d4sk:5, flippers, $max_jump:1, $kill_stalfos_hard, $kill_agunima, $hit_far_lever",
								"d4sk:3, [d4sk:5], flippers, $max_jump:1, $kill_stalfos_hard, $kill_agunima, $hit_far_lever",
								"d4sk:5, flippers, $max_jump:1, bracelet, $kill_agunima, $hit_far_lever",
								"d4sk:3, [d4sk:5], flippers, $max_jump:1, bracelet, $kill_agunima, $hit_far_lever",
							],
							"item_count": 1
						  },
						  
						  {
							"name": "Gohma \nreward",
							"access_rules": [
								// Can get every single chest in D4
								"$d4clear_hard",
								
								"d4bk, d4sk:5, flippers, $max_jump:1, $kill_stalfos_hard, $kill_agunima, $use_seeds, emberseeds, $kill_gohma",
								"d4bk, d4sk:3, [d4sk:5], flippers, $max_jump:1, $kill_stalfos_hard, $kill_agunima, $use_seeds, emberseeds, $kill_gohma",
								"d4bk, d4sk:5, flippers, $max_jump:1, bracelet, $kill_agunima, $use_seeds, emberseeds, $kill_gohma",
								"d4bk, d4sk:3, [d4sk:5], flippers, $max_jump:1, bracelet, $kill_agunima, $use_seeds, emberseeds, $kill_gohma",
								"d4bk, d4sk:5, flippers, $max_jump:1, $kill_stalfos_hard, $kill_agunima, $use_seeds, mysteryseeds, $kill_gohma",
								"d4bk, d4sk:3, [d4sk:5], flippers, $max_jump:1, $kill_stalfos_hard, $kill_agunima, $use_seeds, mysteryseeds, $kill_gohma",
								"d4bk, d4sk:5, flippers, $max_jump:1, bracelet, $kill_agunima, $use_seeds, mysteryseeds, $kill_gohma",
								"d4bk, d4sk:3, [d4sk:5], flippers, $max_jump:1, bracelet, $kill_agunima, $use_seeds, mysteryseeds, $kill_gohma",
								"d4bk, d4sk:5, flippers, $max_jump:2, $kill_stalfos_hard, $kill_agunima, $kill_gohma",
								"d4bk, d4sk:3, [d4sk:5], flippers, $max_jump:2, $kill_stalfos_hard, $kill_agunima, $kill_gohma",
								"d4bk, d4sk:5, flippers, $max_jump:2, bracelet, $kill_agunima, $kill_gohma",
								"d4bk, d4sk:3, [d4sk:5], flippers, $max_jump:2, bracelet, $kill_agunima, $kill_gohma",
							],
							"item_count": 1
						  },
						  {
							"name": "Soothing \nRain",
							"access_rules": [
								// Can get every single chest in D4
								"$d4clear_hard",
								
								"d4bk, d4sk:5, flippers, $max_jump:1, $kill_stalfos_hard, $kill_agunima, $use_seeds, emberseeds, $kill_gohma",
								"d4bk, d4sk:3, [d4sk:5], flippers, $max_jump:1, $kill_stalfos_hard, $kill_agunima, $use_seeds, emberseeds, $kill_gohma",
								"d4bk, d4sk:5, flippers, $max_jump:1, bracelet, $kill_agunima, $use_seeds, emberseeds, $kill_gohma",
								"d4bk, d4sk:3, [d4sk:5], flippers, $max_jump:1, bracelet, $kill_agunima, $use_seeds, emberseeds, $kill_gohma",
								"d4bk, d4sk:5, flippers, $max_jump:1, $kill_stalfos_hard, $kill_agunima, $use_seeds, mysteryseeds, $kill_gohma",
								"d4bk, d4sk:3, [d4sk:5], flippers, $max_jump:1, $kill_stalfos_hard, $kill_agunima, $use_seeds, mysteryseeds, $kill_gohma",
								"d4bk, d4sk:5, flippers, $max_jump:1, bracelet, $kill_agunima, $use_seeds, mysteryseeds, $kill_gohma",
								"d4bk, d4sk:3, [d4sk:5], flippers, $max_jump:1, bracelet, $kill_agunima, $use_seeds, mysteryseeds, $kill_gohma",
								"d4bk, d4sk:5, flippers, $max_jump:2, $kill_stalfos_hard, $kill_agunima, $kill_gohma",
								"d4bk, d4sk:3, [d4sk:5], flippers, $max_jump:2, $kill_stalfos_hard, $kill_agunima, $kill_gohma",
								"d4bk, d4sk:5, flippers, $max_jump:2, bracelet, $kill_agunima, $kill_gohma",
								"d4bk, d4sk:3, [d4sk:5], flippers, $max_jump:2, bracelet, $kill_agunima, $kill_gohma",
							],
							"hosted_item": "d4",
							"item_count": 0
						  },
						  {
							"name": "D4 small\nkeys",
							"hosted_item": "d4sk",
							"item_count": 0
						  },
					      {
							"name": "D4 boss \nkey",
							"hosted_item": "d4bk",
							"item_count": 0
						  },
						  
						],
						"map_locations": [
						  {
							"map": "holodrum",
							"x": 578,
							"y": 68
						  }
						]
					},
				]
			},
			{
				"name": "Tarm Ruins",
				"access_rules": [
				],
				"children": [
					{
						"name": "Ancient Ruins",
						"access_rules": [
								"$d6_shuffle_hard"
							],
						"sections": [
						  {
							"name": "Crumbling \nfloor chest",
							"item_count": 1
						  },
						  {
							"name": "Magnet ball\ndrop",
							"access_rules": [
								// Can get every single chest in D6
								"$d6clear_hard",
								
								"$max_jump:3",
								"$max_jump:1, magnet",
								],
							"item_count": 1
						  },
						  {
							"name": "Moving platforms \nroom",
							"access_rules": [
								// Can get every single chest in D6
								"$d6clear_hard",
								
								"d6sk:3",
								"d6sk:1, [d6sk:3]"
								],
							"item_count": 1
						  },
						  {
							"name": "Gibdo room \nchest",
							"access_rules": [
								// Can get every single chest in D6
								"$d6clear_hard",
								
								"d6sk:3",
								"d6sk:1, [d6sk:3]"
							],
							"item_count": 1
						  },
						  {
							"name": "2F Armos \nchest",
							"access_rules": [
								// Can get every single chest in D6
								"$d6clear_hard",
								
								"d6sk:3, bombs",
								"d6sk:1, [d6sk:3], bombs",
							],
							"item_count": 1
						  },
						  {
							"name": "Armos hall \nchest",
							"access_rules": [
								// Can get every single chest in D6
								"$d6clear_hard",
								
								"d6sk:3, bombs, $max_jump:1",
								"d6sk:1, [d6sk:3], bombs, $max_jump:1",
							],
							"item_count": 1
						  },
						  {
							"name": "Chest north\nof spinner",
							"access_rules": [
								// Can get every single chest in D6
								"$d6clear_hard",
								
								// 3 keys, opening the key block to the left of the entrance
								"d6sk:3, $kill_normal, magnet, $destroy_crystal",
								"d6sk:2, [d6sk:3], $kill_normal, magnet, $destroy_crystal",
								
								// 2 keys, drops from above to skip opening the block
								"d6sk:2, bombs, magnet, $destroy_crystal, $max_jump:1",
								"d6sk:1, [d6sk:2], bombs, magnet, $destroy_crystal, $max_jump:1",
							],
							"item_count": 1
						  },
						  {
							"name": "West terrace \nchest",
							"item_count": 1
						  },
						  {
							"name": "Crystals room \nchest",
							"item_count": 1
						  },
						  {
							"name": "Chest after \ntrap room",
							"access_rules": [
								// Can get every single chest in D6
								"$d6clear_hard",
								
								"$destroy_crystal, $max_jump:1, magicboomerang, $use_seeds, emberseeds",
								"$destroy_crystal, $max_jump:1, magicboomerang, $use_seeds, mysteryseeds, [emberseeds]"
							],
							"item_count": 1
						  },
						  {
							"name": "Chest before\nVire",
							"access_rules": [
								// Can get every single chest in D6
								"$d6clear_hard",
								
								"$destroy_crystal, $max_jump:1, magicboomerang, $use_seeds, emberseeds, $kill_stalfos_hard",
								"$destroy_crystal, $max_jump:1, magicboomerang, $use_seeds, mysteryseeds, [emberseeds], $kill_stalfos_hard"
							],
							"item_count": 1
						  },
						  
						  {
							"name": "Manhandla \nreward",
							"access_rules": [
								// Can get every single chest in D6
								"$d6clear_hard",
								
								"d6bk, d6sk:3, $destroy_crystal, $max_jump:1, magicboomerang, $use_seeds, emberseeds, $kill_stalfos_hard, $kill_vire_hard, $kill_hardhat_magnet_hard, $kill_manhandla_hard",
								"d6bk, d6sk:1, [d6sk:3], $destroy_crystal, $max_jump:1, magicboomerang, $use_seeds, emberseeds, $kill_stalfos_hard, $kill_vire_hard, $kill_hardhat_magnet_hard, $kill_manhandla_hard",
								"d6bk, d6sk:3, $destroy_crystal, $max_jump:1, magicboomerang, $use_seeds, mysteryseeds, [emberseeds], $kill_stalfos_hard, $kill_vire_hard, $kill_hardhat_magnet_hard, $kill_manhandla_hard",
								"d6bk, d6sk:1, [d6sk:3], $destroy_crystal, $max_jump:1, magicboomerang, $use_seeds, mysteryseeds, [emberseeds], $kill_stalfos_hard, $kill_vire_hard, $kill_hardhat_magnet_hard, $kill_manhandla_hard"
							],
							"item_count": 1
						  },
						  {
							"name": "Blowing \nWind",
							"access_rules": [
								// Can get every single chest in D6
								"$d6clear_hard",
								
								"d6bk, d6sk:3, $destroy_crystal, $max_jump:1, magicboomerang, $use_seeds, emberseeds, $kill_stalfos_hard, $kill_vire_hard, $kill_hardhat_magnet_hard, $kill_manhandla_hard",
								"d6bk, d6sk:1, [d6sk:3], $destroy_crystal, $max_jump:1, magicboomerang, $use_seeds, emberseeds, $kill_stalfos_hard, $kill_vire_hard, $kill_hardhat_magnet_hard, $kill_manhandla_hard",
								"d6bk, d6sk:3, $destroy_crystal, $max_jump:1, magicboomerang, $use_seeds, mysteryseeds, [emberseeds], $kill_stalfos_hard, $kill_vire_hard, $kill_hardhat_magnet_hard, $kill_manhandla_hard",
								"d6bk, d6sk:1, [d6sk:3], $destroy_crystal, $max_jump:1, magicboomerang, $use_seeds, mysteryseeds, [emberseeds], $kill_stalfos_hard, $kill_vire_hard, $kill_hardhat_magnet_hard, $kill_manhandla_hard"
							],
							"hosted_item": "d6",
							"item_count": 0
						  },
						  {
							"name": "D6 small\nkeys",
							"hosted_item": "d6sk",
							"item_count": 0
						  },
					      {
							"name": "D6 boss \nkey",
							"hosted_item": "d6bk",
							"item_count": 0
						  },

						],
						"map_locations": [
						  {
							"map": "holodrum",
							"x": 25,
							"y": 25
						  }
						]
					},
				]
			},
		]
	},

	{
		"name": "Subrosia",
		"chest_unopened_img": "images/chest.png",
		"chest_opened_img": "images/chestopen.png",
		"children": [
			{
				"name": "Sword and Shield Maze",
				"color": "#ff3c00",
				"access_rules": [
					"$d8_shuffle_hard"
				],
				"sections": [
				  {
					"name": "Eye\ndrop",
					"access_rules": [
						// Can get every single chest in D8
						"$d8clear_hard",
						
						"$destroy_pot, $shoot_seeds",
						"$destroy_pot, $max_jump:1, satchel, emberseeds",
						"$destroy_pot, $max_jump:1, satchel, scentseeds",
						"$destroy_pot, $max_jump:1, satchel, mysteryseeds",
					],
					"item_count": 1
				  },
				  {
					"name": "Three eyes \nchest",
					"access_rules": [
						// Can get every single chest in D8
						"$d8clear_hard",
						
						"$max_jump:1, slingshot2",
						"$max_jump:1, satchel, emberseeds",
						"$max_jump:1, satchel, mysteryseeds",
						"$max_jump:1, satchel, scentseeds",
					],
					"item_count": 1
				  },
				  {
					"name": "Hardhat room\ndrop",
					"access_rules": [
						// Can get every single chest in D8
						"$d8clear_hard",
						
						"$kill_magunesu, $kill_hardhat_magnet_hard",
					],
					"item_count": 1
				  },
				  {
					"name": "Spike room \nchest",
					"access_rules": [
						// Can get every single chest in D8
						"$d8clear_hard",
						
						"d8sk:1, $kill_magunesu, $max_jump:2",
					],
					"item_count": 1
				  },
				  {
					"name": "Wait for \nthe Armos",
					"access_rules": [
						// Can get every single chest in D8
						"$d8clear_hard",
						
						"d8sk:2, $kill_magunesu, $max_jump:2",
					],
					"item_count": 1
				  },
				  {
					"name": "Chest surrounded \nby Armos",
					"access_rules": [
						// Can get every single chest in D8
						"$d8clear_hard",
						
						"d8sk:2, $kill_magunesu, $max_jump:2, magnet",
					],
					"item_count": 1
				  },
				  {
					"name": "Spinner\nchest",
					"access_rules": [
						// Can get every single chest in D8
						"$d8clear_hard",
						
						"d8sk:2, $kill_magunesu, $max_jump:2, magnet",
					],
					"item_count": 1
				  },
				  {
					"name": "Cracked blocks\nchest",
					"access_rules": [
						// Can get every single chest in D8
						"$d8clear_hard",
						
						"d8sk:2, $kill_magunesu, $max_jump:3, magnet, bombs, slingshot2",
						"d8sk:2, $kill_magunesu, $max_jump:3, magnet, bombs, satchel, emberseeds",
						"d8sk:2, $kill_magunesu, $max_jump:3, magnet, bombs, satchel, scentseeds",
						"d8sk:2, $kill_magunesu, $max_jump:3, magnet, bombs, satchel, mysteryseeds",
					],
					"item_count": 1
				  },
				  {
					"name": "Chest after \nPols Voice",
					"access_rules": [
						// Can get every single chest in D8
						"$d8clear_hard",
						
						"d8sk:3, $kill_magunesu, $max_jump:2, magnet, slingshot2, emberseeds, $kill_keese, $kill_polsvoice_pit",
						"[d8sk:3], $kill_magunesu, $max_jump:4, [slingshot2], [emberseeds], $kill_keese, $kill_polsvoice_pit",
					],
					"item_count": 1
				  },
				  {
					"name": "Ghost Armos\ndrop",
					"access_rules": [
						// Can get every single chest in D8
						"$d8clear_hard",
						
						"d8sk:4, $kill_magunesu, $max_jump:2, magnet, slingshot2, emberseeds, bombs",
						"d8sk:1, [d8sk:4], $kill_magunesu, $max_jump:4, bombs, [slingshot2], [emberseeds]",
					],
					"item_count": 1
				  },
				  {
					"name": "SE lava\nchest",
					"access_rules": [
						// Can get every single chest in D8
						"$d8clear_hard",
						
						"d8sk:4, $kill_magunesu, $max_jump:2, magnet, slingshot2, emberseeds, bracelet",
						"d8sk:1, [d8sk:4], $kill_magunesu, $max_jump:4, bracelet, [slingshot2], [emberseeds]",
					],
					"item_count": 1
				  },
				  {
					"name": "NE lava \nchest",
					"access_rules": [
						// Can get every single chest in D8
						"$d8clear_hard",
						
						"d8sk:4, $kill_magunesu, $max_jump:2, magnet, slingshot2, emberseeds, bracelet",
						"d8sk:1, [d8sk:4], $kill_magunesu, $max_jump:4, bracelet, [slingshot2], [emberseeds]",
					],
					"item_count": 1
				  },
				  {
					"name": "SW lava \nchest",
					"access_rules": [
						// Can get every single chest in D8
						"$d8clear_hard",
						
						"d8sk:4, $kill_magunesu, $max_jump:2, magnet, slingshot2, emberseeds",
						"d8sk:1, [d8sk:4], $kill_magunesu, $max_jump:4, [slingshot2], [emberseeds]",
					],
					"item_count": 1
				  },
				  
				  {
					"name": "Medusa Head \nreward",
					"access_rules": [
						// Can get every single chest in D8
						"$d8clear_hard",
						
						"d8bk, d8sk:7, $kill_magunesu, $max_jump:2, magnet, slingshot2, emberseeds, $hit_lever, bracelet, $kill_medusahead",
						"d8bk, d8sk:4, [d8bk:7], $kill_magunesu, $max_jump:4, bombs, bracelet, $kill_medusahead, [slingshot2], [emberseeds]",
					],
					"item_count": 1
				  },
				  {
					"name": "Changing \nSeasons",
					"access_rules": [
						// Can get every single chest in D8
						"$d8clear_hard",
						
						"d8bk, d8sk:7, $kill_magunesu, $max_jump:2, magnet, slingshot2, emberseeds, $hit_lever, bracelet, $kill_medusahead",
						"d8bk, d8sk:4, [d8bk:7], $kill_magunesu, $max_jump:4, bombs, bracelet, $kill_medusahead, [slingshot2], [emberseeds]",
					],
					"hosted_item": "d8",
					"item_count": 0
				  },
				  {
					"name": "D8 small\nkeys",
					"hosted_item": "d8sk",
					"item_count": 0
				  },
				  {
					"name": "D8 boss \nkey",
					"hosted_item": "d8bk",
					"item_count": 0
				  },
				],
				"map_locations": [
				  {
					"map": "subrosia",
					"x": 45,
					"y": 43
				  },
				  {
					"map": "holodrum",
					"x": 194,
					"y": 25
				  }
				]
			},
			{
				"name": "Get mystery seeds in \nD8's Frypolar room",
				"color": "#ff3c00",
				"access_rules": [
					"$scent_tree, $enter_remains_hard, $portal_remains_hard, bombs, $portal_d8_hard"
				],
				"sections": [
				  {
					"name": "Respawnable bushes",
					"access_rules": [
						"$destroy_bush_respawn, $kill_magunesu, $destroy_pot, $shoot_seeds, $max_jump:2, $kill_hardhat_magnet_hard, magnet",
						
						// slingshotless
						"$destroy_bush_respawn, $kill_magunesu, $destroy_pot, satchel, emberseeds, $max_jump:2, $kill_hardhat_magnet_hard, magnet",
						"$destroy_bush_respawn, $kill_magunesu, $destroy_pot, satchel, mysteryseeds, $max_jump:2, $kill_hardhat_magnet_hard, magnet",
						"$destroy_bush_respawn, $kill_magunesu, $destroy_pot, satchel, scentseeds, $max_jump:2, $kill_hardhat_magnet_hard, magnet",
					],
					"hosted_item": "mysteryseeds",
					"item_count": 0
				  }
				],
				"map_locations": [
				  {
					"map": "subrosia",
					"x": 70,
					"y": 70
				  },
				  {
					"map": "holodrum",
					"x": 210,
					"y": 40
				  }
				]
			},
		]
	}
]