﻿[
	/// USABLE ITEMS ///

  // Swords
  // Master Sword is not randomized yet
  {
  "name": "Sword",
  "type": "progressive",
  "stages": [
	  {
		"img": "images/sword1.png",
		"codes": "sword1, herosword"
	  },
	  {
		"img": "images/sword2.png",
		"codes": "sword2, noblesword"
	  },
	  //{
		//"img": "images/sword3.png",
		//"codes": "sword3, mastersword"
	  //},
	]
  },
  
  // Shields
  // Mirror Shield is not randomized yet
  {
  "name": "Shield",
  "type": "progressive",
  "stages": [
	  {
		"img": "images/shield1.png",
		"codes": "shield1, shield"
	  },
	  {
		"img": "images/shield2.png",
		"codes": "shield2, ironshield"
	  },
	  //{
		//"img": "images/shield3.png",
		//"codes": "shield3, mirrorshield"
	  //},
	]
  },
  
  // Power Bracelet
  {
    "name": "Power Bracelet",
    "type": "progressive",
    "stages": [
      {
        "img": "images/strength.png",
        "codes": "bracelet, strength",
      },
      {
        "img": "images/powerglove.png",
        "codes": "gauntlet",
      },
    ]
  },
  
  // Feather/Cape
  {
  "name": "Roc's items",
  "type": "progressive",
  "stages": [
	  {
		"img": "images/feather1.png",
		"codes": "feather1, feather, rocfeather"
	  },
	  {
		"img": "images/feather2.png",
		"codes": "feather2, cape, roccape"
	  },
	]
  },
  
  // Slingshot
  {
  "name": "Slingshot",
  "type": "progressive",
  "stages": [
	  {
		"img": "images/slingshot1.png",
		"codes": "slingshot1, seedslingshot"
	  },
	  {
		"img": "images/slingshot2.png",
		"codes": "slingshot2, hss, hyperslingshot"
	  },
	]
  },
  
  // Magnet Glove
  {
    "name": "Magnet Glove",
    "type": "toggle",
    "img": "images/glove0.png",
    "codes": "magnet, glove"
  },
  
  // Boomerang
  {
  "name": "Boomerang",
  "type": "progressive",
  "stages": [
	  {
		"img": "images/rang1.png",
		"codes": "boomerang1, boomerang"
	  },
	  {
		"img": "images/rang2.png",
		"codes": "boomerang2, magicboomerang"
	  },
	]
  },
  
  // Shovel
  {
    "name": "Shovel",
    "type": "toggle",
    "img": "images/shovel.png",
    "codes": "shovel"
  },
  
    // Flute
    {
      "name": "Flute",
      "type": "progressive_toggle",
      "allow_disabled": false,
      "loop": true,
      "stages": [
        {
        "img": "images/flute.png",
        "codes": "flute",
        "inherit_codes": false
        },
        {
        "img": "images/flutericky.png",
        "codes": "ricky, rickyflute",
        "inherit_codes": false
        },
        {
        "img": "images/flutedimitri.png",
        "codes": "dimitri, dimitriflute",
        "inherit_codes": false
        },
        {
          "img": "images/flutemoosh.png",
          "codes": "moosh, mooshflute",
          "inherit_codes": false
          },
      ]
      },
  
  // Generic flute
  {
    "name": "Normal flute",
    "type": "toggle",
    "img": "images/flute.png",
    "codes": "flute_generic"
  },
  
  // Heart Containers
  {
    "name": "Heart Container",
    "type": "consumable",
    "max_quantity": 8,
    "img": "images/heartc.png",
    "codes": "heartc"
  },
  
  // Dungeon Entrances
  {
    "name": "Dungeon 1 Entrance",
    "type": "Static",
    "img": "images/D1_entrance.png",
    "codes": "D1_Entrance"
  },
  {
    "name": "Dungeon 2 Entrance",
    "type": "Static",
    "img": "images/D2_entrance.png",
    "codes": "D2_Entrance"
  },
  {
    "name": "Dungeon 3 Entrance",
    "type": "Static",
    "img": "images/D3_entrance.png",
    "codes": "D3_Entrance"
  },
  {
    "name": "Dungeon 4 Entrance",
    "type": "Static",
    "img": "images/D4_entrance.png",
    "codes": "D4_Entrance"
  },
  {
    "name": "Dungeon 5 Entrance",
    "type": "Static",
    "img": "images/D5_entrance.png",
    "codes": "D5_Entrance"
  },
  {
    "name": "Dungeon 6 Entrance",
    "type": "Static",
    "img": "images/D6_entrance.png",
    "codes": "D6_Entrance"
  },
  {
    "name": "Dungeon 7 Entrance",
    "type": "Static",
    "img": "images/D7_entrance.png",
    "codes": "D7_Entrance"
  },
  {
    "name": "Dungeon 8 Entrance",
    "type": "Static",
    "img": "images/D8_entrance.png",
    "codes": "D8_Entrance"
  },
  // Dungeon Items 2
  { 
    "name": "Dungeon 1 Map",
    "type": "toggle",
    "img": "images/map.png",
    "codes": "d1_map"
  },
  { 
    "name": "Dungeon 2 Map",
    "type": "toggle",
    "img": "images/map.png",
    "codes": "d2_map"
  },
  { 
    "name": "Dungeon 3 Map",
    "type": "toggle",
    "img": "images/map.png",
    "codes": "d3_map"
  },
  { 
    "name": "Dungeon 4 Map",
    "type": "toggle",
    "img": "images/map.png",
    "codes": "d4_map"
  },
  { 
    "name": "Dungeon 5 Map",
    "type": "toggle",
    "img": "images/map.png",
    "codes": "d5_map"
  },
  { 
    "name": "Dungeon 6 Map",
    "type": "toggle",
    "img": "images/map.png",
    "codes": "d6_map"
  },
  { 
    "name": "Dungeon 7 Map",
    "type": "toggle",
    "img": "images/map.png",
    "codes": "d7_map"
  },
  { 
    "name": "Dungeon 8 Map",
    "type": "toggle",
    "img": "images/map.png",
    "codes": "d8_map"
  },
  {
    "name": "Dungeon 1 Compass",
    "type":"toggle",
    "img": "images/compass.png",
    "codes": "compass_d1"
  },
  {
    "name": "Dungeon 2 Compass",
    "type":"toggle",
    "img": "images/compass.png",
    "codes": "compass_d2"
  },
  {
    "name": "Dungeon 3 Compass",
    "type":"toggle",
    "img": "images/compass.png",
    "codes": "compass_d3"
  },
  {
    "name": "Dungeon 4 Compass",
    "type":"toggle",
    "img": "images/compass.png",
    "codes": "compass_d4"
  },
  {
    "name": "Dungeon 5 Compass",
    "type":"toggle",
    "img": "images/compass.png",
    "codes": "compass_d5"
  },
  {
    "name": "Dungeon 6 Compass",
    "type":"toggle",
    "img": "images/compass.png",
    "codes": "compass_d6"
  },
  {
    "name": "Dungeon 7 Compass",
    "type":"toggle",
    "img": "images/compass.png",
    "codes": "compass_d7"
  },
  {
    "name": "Dungeon 8 Compass",
    "type":"toggle",
    "img": "images/compass.png",
    "codes": "compass_d8"
  },
  // Fool's Ore
  {
    "name": "Fool's Ore",
    "type": "toggle",
    "img": "images/foolsore.png",
    "codes": "ore, foolsore, bestweapon"
  },
  
  // Seed Satchel
  {
    "name": "Seed Satchel",
    "type": "toggle",
    "img": "images/satchel.png",
    "codes": "satchel, seedsatchel"
  },
  
  // Season's Rod
  {
    "name": "Season's Rod",
    "type": "static",
    "img": "images/rod.png",
    "codes": "rod, seasonsrod"
  },
  
  // Toggleable rod
  // Used only for capture_item
  {
    "name": "Season's Rod",
    "type": "toggle",
    "img": "images/rod.png",
    "codes": "season"
  },
  
  // Bombs
  {
    "name": "Bombs",
    "type": "toggle",
    "img": "images/bomb.png",
    "codes": "bombs"
  },
  
  
  /// PROGRESS ITEMS (chronological) ///
  
  // Gnarled Key
  {
    "name": "Gnarled Key",
    "type": "toggle",
    "img": "images/keygnarled.png",
    "codes": "d1key, gnarledkey"
  },
  
  // Ricky's Gloves
  {
    "name": "Ricky's Glove",
    "type": "toggle",
    "img": "images/rickygloves.png",
    "codes": "rickygloves"
  },
  
  // Star Ore
  {
    "name": "Star Ore",
    "type": "toggle",
    "img": "images/starore.png",
    "codes": "star, starore"
  },
  
  // Ribbon
  {
    "name": "Ribbon",
    "type": "toggle",
    "img": "images/ribbon.png",
    "codes": "ribbon"
  },
  
  // Floodgate Key
  {
    "name": "Floodgate Key",
    "type": "toggle",
    "img": "images/keyflood.png",
    "codes": "d3key, floodkey"
  },
  
  // Flippers
  {
    "name": "Flippers",
    "type": "progressive",
    "stages": [
      {
        "img": "images/flippers.png",
        "codes": "flippers",
      },
      {
        "img": "images/mermaidsuit.png",
        "codes": "mermaidsuit",
      },
    ]
  },
  // Master's Plaque
  {
    "name": "Master's Plaque",
    "type": "toggle",
    "img": "images/plaque.png",
    "codes": "plaque, masterplaque"
  },
  
  // Banana
  {
    "name": "Banana",
    "type": "toggle",
    "img": "images/banana.png",
    "codes": "banana"
  },
  
  // Dragon Key
  {
    "name": "Dragon Key",
    "type": "toggle",
    "img": "images/keydragon.png",
    "codes": "d4key, dragonkey"
  },
  
  // Bomb Flower
  {
    "name": "Bomb Flower",
    "type": "toggle",
    "img": "images/bombflower.png",
    "codes": "bombflower"
  },
  
  // Rusty Bell
  {
  "name": "Rusty Bell",
  "type": "progressive",
  "stages": [
	  {
		"img": "images/bell1.png",
		"codes": "rustybell, bell",
	  },
	  {
		"img": "images/bell2.png",
		"codes": "polishedbell",
	  },
	]
  },
  
  /// CROSS ITEMS
 
 //Ages Items
  {
    "name": "Switch Hook",
    "type": "progressive",
    "stages": [
      {
        "img": "images/hook.png",
        "codes": "hook",
      },
      {
        "img": "images/hook2.png",
        "codes": "hook2",
      },
    ]
  },
  {
    "name": "Seed Shooter",
    "type": "toggle",
    "img": "images/seedshooter.png",
    "codes": "seedshooter"
  },
  {
    "name": "Cane of Somaria",
    "type": "toggle",
    "img": "images/canesomaria.png",
    "codes": "canesomaria, cane"
  },
  {
    "name": "Ages Seed",
    "type": "static",
    "img": "images/ages_seed_label.png",
    "codes": "ages_seed"
  },
  {
    "name": "Cross Items Label",
    "type": "static",
    "img": "images/cross_items_label.png",
    "codes": "cross_label"
  },
  
  /// SUBROSIA PORTALS
  
  // Subrosia Portal
  {
    "name": "Subrosia Portal Horon Village",
    "type": "static",
    "img": "images/sportal_horon_village.png",
    "codes": "Sportal_Horon_Village"

  },
  {
    "name": "Subrosia Portal Eastern Suburbs",
    "type": "static",
    "img": "images/sportal_eastern_suburbs.png",
    "codes": "Sportal_eastern_suburbs"

  },
  {
    "name": "Subrosia Portal Spool Swamp",
    "type": "static",
    "img": "images/sportal_spool_swamp.png",
    "codes": "Sportal_spool_swamp"

  },
  {
    "name": "Subrosia Portal North Horon",
    "type": "static",
    "img": "images/sportal_north_horon.png",
    "codes": "Sportal_north_horon"

  },
  {
    "name": "Subrosia Portal Mt. Cucco",
    "type": "static",
    "img": "images/sportal_mt_cucco.png",
    "codes": "Sportal_mt_cucco"

  },
  {
    "name": "Subrosia Portal Temple Bottom",
    "type": "static",
    "img": "images/sportal_temple_bottom.png",
    "codes": "Sportal_temple_bottom"

  },
  {
    "name": "Subrosia Portal Temple Peak",
    "type": "static",
    "img": "images/sportal_temple_peak.png",
    "codes": "Sportal_temple_peak"

  },
  {
    "name": "Horon Village Portal",
    "type": "progressive",
    "allow_disabled": false,
	"loop": true,
    "stages": [
	  {
		"img": "images/selector_neutral.png",
		"codes": "portal_horon_village",
		"inherit_codes": false
	  },
	  {
		"img": "images/selector_subrosian_dance.png",
		"codes": "HV_subrosia_dance_portal",
		"inherit_codes": false
	  },
	  {
		"img": "images/selector_rosa.png",
		"codes": "HV_rosa_portal",
		"inherit_codes": false
	  },
	  {
		"img": "images/selector_strange_brothers.png",
		"codes": "HV_strange_brothers_portal",
		"inherit_codes": false
	  },
	  {
		"img": "images/selector_subrosian_smithy.png",
		"codes": "HV_subrosian_smithy_portal",
		"inherit_codes": false
	  },
    {
      "img": "images/selector_subrosia_pirates.png",
      "codes": "HV_pirates_portal",
      "inherit_codes": false
      },
      {
      "img": "images/selector_volcano.png",
      "codes": "HV_volcano_portal",
      "inherit_codes": false
      },
      {
      "img": "images/selector_D8.png",
      "codes": "HV_D8_portal",
      "inherit_codes": false
      },
	]
  },
  {
    "name": "Eastern Suburbs Portal",
    "type": "progressive",
    "allow_disabled": false,
	"loop": true,
    "stages": [
	  {
		"img": "images/selector_neutral.png",
		"codes": "portal_eastern_suburbs",
		"inherit_codes": false
	  },
	  {
		"img": "images/selector_subrosian_dance.png",
		"codes": "ES_subrosia_dance_portal",
		"inherit_codes": false
	  },
	  {
		"img": "images/selector_rosa.png",
		"codes": "ES_rosa_portal",
		"inherit_codes": false
	  },
	  {
		"img": "images/selector_strange_brothers.png",
		"codes": "ES_strange_brothers_portal",
		"inherit_codes": false
	  },
	  {
		"img": "images/selector_subrosian_smithy.png",
		"codes": "ES_subrosian_smithy_portal",
		"inherit_codes": false
	  },
    {
      "img": "images/selector_subrosia_pirates.png",
      "codes": "ES_pirates_portal",
      "inherit_codes": false
      },
      {
      "img": "images/selector_volcano.png",
      "codes": "ES_volcano_portal",
      "inherit_codes": false
      },
      {
      "img": "images/selector_D8.png",
      "codes": "ES_D8_portal",
      "inherit_codes": false
      },
	]
  },
  {
    "name": "North Horon",
    "type": "progressive",
    "allow_disabled": false,
	"loop": true,
    "stages": [
	  {
		"img": "images/selector_neutral.png",
		"codes": "portal_North_Horon",
		"inherit_codes": false
	  },
	  {
		"img": "images/selector_subrosian_dance.png",
		"codes": "NH_subrosia_dance_portal",
		"inherit_codes": false
	  },
	  {
		"img": "images/selector_rosa.png",
		"codes": "NH_rosa_portal",
		"inherit_codes": false
	  },
	  {
		"img": "images/selector_strange_brothers.png",
		"codes": "NH_strange_brothers_portal",
		"inherit_codes": false
	  },
	  {
		"img": "images/selector_subrosian_smithy.png",
		"codes": "NH_subrosian_smithy_portal",
		"inherit_codes": false
	  },
    {
      "img": "images/selector_subrosia_pirates.png",
      "codes": "NH_pirates_portal",
      "inherit_codes": false
      },
      {
      "img": "images/selector_volcano.png",
      "codes": "NH_volcano_portal",
      "inherit_codes": false
      },
      {
      "img": "images/selector_D8.png",
      "codes": "NH_D8_portal",
      "inherit_codes": false
      },
	]
  },
  {
    "name": "Portal Mt. Cucco",
    "type": "progressive",
    "allow_disabled": false,
	"loop": true,
    "stages": [
	  {
		"img": "images/selector_neutral.png",
		"codes": "portal_mt_cucco",
		"inherit_codes": false
	  },
	  {
		"img": "images/selector_subrosian_dance.png",
		"codes": "MC_subrosia_dance_portal",
		"inherit_codes": false
	  },
	  {
		"img": "images/selector_rosa.png",
		"codes": "MC_rosa_portal",
		"inherit_codes": false
	  },
	  {
		"img": "images/selector_strange_brothers.png",
		"codes": "MC_strange_brothers_portal",
		"inherit_codes": false
	  },
	  {
		"img": "images/selector_subrosian_smithy.png",
		"codes": "MC_subrosian_smithy_portal",
		"inherit_codes": false
	  },
    {
      "img": "images/selector_subrosia_pirates.png",
      "codes": "MC_pirates_portal",
      "inherit_codes": false
      },
      {
      "img": "images/selector_volcano.png",
      "codes": "MC_volcano_portal",
      "inherit_codes": false
      },
      {
      "img": "images/selector_D8.png",
      "codes": "MC_D8_portal",
      "inherit_codes": false
      },
	]
  },
  {
    "name": "Spool Swamp Portal",
    "type": "progressive",
    "allow_disabled": false,
	"loop": true,
    "stages": [
	  {
		"img": "images/selector_neutral.png",
		"codes": "Spool_Swamp_Portal",
		"inherit_codes": false
	  },
	  {
		"img": "images/selector_subrosian_dance.png",
		"codes": "SS_subrosia_dance_portal",
		"inherit_codes": false
	  },
	  {
		"img": "images/selector_rosa.png",
		"codes": "SS_rosa_portal",
		"inherit_codes": false
	  },
	  {
		"img": "images/selector_strange_brothers.png",
		"codes": "SS_strange_brothers_portal",
		"inherit_codes": false
	  },
	  {
		"img": "images/selector_subrosian_smithy.png",
		"codes": "SS_subrosian_smithy_portal",
		"inherit_codes": false
	  },
    {
      "img": "images/selector_subrosia_pirates.png",
      "codes": "SS_pirates_portal",
      "inherit_codes": false
      },
      {
      "img": "images/selector_volcano.png",
      "codes": "SS_volcano_portal",
      "inherit_codes": false
      },
      {
      "img": "images/selector_D8.png",
      "codes": "SS_D8_portal",
      "inherit_codes": false
      },
	]
  },
  {
    "name": "Temple Remains Bottom Portal",
    "type": "progressive",
    "allow_disabled": false,
	"loop": true,
    "stages": [
	  {
		"img": "images/selector_neutral.png",
		"codes": "portal_bottom_temple_remains",
		"inherit_codes": false
	  },
	  {
		"img": "images/selector_subrosian_dance.png",
		"codes": "TRB_subrosia_dance_portal",
		"inherit_codes": false
	  },
	  {
		"img": "images/selector_rosa.png",
		"codes": "TRB_rosa_portal",
		"inherit_codes": false
	  },
	  {
		"img": "images/selector_strange_brothers.png",
		"codes": "TRB_strange_brothers_portal",
		"inherit_codes": false
	  },
	  {
		"img": "images/selector_subrosian_smithy.png",
		"codes": "TRB_subrosian_smithy_portal",
		"inherit_codes": false
	  },
    {
      "img": "images/selector_subrosia_pirates.png",
      "codes": "TRB_pirates_portal",
      "inherit_codes": false
      },
      {
      "img": "images/selector_volcano.png",
      "codes": "TRB_volcano_portal",
      "inherit_codes": false
      },
      {
      "img": "images/selector_D8.png",
      "codes": "TRB_D8_portal",
      "inherit_codes": false
      },
	]
  },
  {
    "name": "Temple Remains Peak Portal",
    "type": "progressive",
    "allow_disabled": false,
	"loop": true,
    "stages": [
	  {
		"img": "images/selector_neutral.png",
		"codes": "portal_peak_temple_remains",
		"inherit_codes": false
	  },
	  {
		"img": "images/selector_subrosian_dance.png",
		"codes": "TRP_subrosia_dance_portal",
		"inherit_codes": false
	  },
	  {
		"img": "images/selector_rosa.png",
		"codes": "TRP_rosa_portal",
		"inherit_codes": false
	  },
	  {
		"img": "images/selector_strange_brothers.png",
		"codes": "TRP_strange_brothers_portal",
		"inherit_codes": false
	  },
	  {
		"img": "images/selector_subrosian_smithy.png",
		"codes": "TRP_subrosian_smithy_portal",
		"inherit_codes": false
	  },
    {
      "img": "images/selector_subrosia_pirates.png",
      "codes": "TRP_pirates_portal",
      "inherit_codes": false
      },
      {
      "img": "images/selector_volcano.png",
      "codes": "TRP_volcano_portal",
      "inherit_codes": false
      },
      {
      "img": "images/selector_D8.png",
      "codes": "TRP_D8_portal",
      "inherit_codes": false
      },
	]
  },

  /// MISC ITEMS THAT LEAD TO SOMETHING///
  
  // Member's Card
  {
    "name": "Member's Card",
    "type": "toggle",
    "img": "images/membercard.png",
    "codes": "card, memberscard"
  },
  
  // Hard Ore
  {
    "name": "Hard Ore",
    "type": "toggle",
    "img": "images/orehard.png",
    "codes": "hardore"
  },
  
  // Blue Ore
  {
    "name": "Blue Ore",
    "type": "toggle",
    "img": "images/oreblue.png",
    "codes": "blueore"
  },
  
  // Red Ore
  {
    "name": "Red Ore",
    "type": "toggle",
    "img": "images/orered.png",
    "codes": "redore"
  },
  
  
  /// SEEDS ///
  
  // Ember
  {
    "name": "Ember Seeds",
    "type": "toggle",
    "img": "images/seedember.png",
    "codes": "emberseeds"
  },
  
  // Mystery
  {
    "name": "Mystery Seeds",
    "type": "toggle",
    "img": "images/seedmystery.png",
    "codes": "mysteryseeds"
  },
  
  // Scent
  {
    "name": "Scent Seeds",
    "type": "toggle",
    "img": "images/seedscent.png",
    "codes": "scentseeds"
  },
  
  // Pegasus
  {
    "name": "Pegasus Seeds",
    "type": "toggle",
    "img": "images/seedpegasus.png",
    "codes": "pegasusseeds"
  },
  
  // Gale
  {
    "name": "Gale Seeds",
    "type": "toggle",
    "img": "images/seedgale.png",
    "codes": "galeseeds"
  },
  
  /// JEWELS ///
  
  // All 4
  // Used only for capture_item
  {
    "name": "All Jewels",
    "type": "toggle",
    "img": "images/jewels.png",
    "codes": "jewels"
  },
  
  // Round
  {
    "name": "Round Jewel",
    "type": "toggle",
    "img": "images/jewelround.png",
    "codes": "roundjewel"
  },
  
  // Pyramid
  {
    "name": "Pyramid Jewel",
    "type": "toggle",
    "img": "images/jeweltriangle.png",
    "codes": "pyramidjewel"
  },
  
  // Square
  {
    "name": "Square Jewel",
    "type": "toggle",
    "img": "images/jewelsquare.png",
    "codes": "squarejewel"
  },
  
  // X
  {
    "name": "X Jewel",
    "type": "toggle",
    "img": "images/jewelx.png",
    "codes": "xjewel"
  },
  
  /// SEASONS ///
  
  // Summer
  {
  "name": "Summer season",
  "type": "progressive",
  "allow_disabled": false,
  "stages": [
	  {
		"img": "images/seasonsummer0.png",
		
	  },
	  {
		"img": "images/seasonsummer1.png",
		"codes": "summer"
	  },
	]
  },
  
  // Fall
  {
  "name": "Fall season",
  "type": "progressive",
  "allow_disabled": false,
  "stages": [
	  {
		"img": "images/seasonfall0.png",
		
	  },
	  {
		"img": "images/seasonfall1.png",
		"codes": "fall"
	  },
	]
  },
  
  // Spring
  {
  "name": "Spring season",
  "type": "progressive",
  "allow_disabled": false,
  "stages": [
	  {
		"img": "images/seasonspring0.png",
		
	  },
	  {
		"img": "images/seasonspring1.png",
		"codes": "spring"
	  },
	]
  },
  
  // Winter
  {
  "name": "Winter season",
  "type": "progressive",
  "allow_disabled": false,
  "stages": [
	  {
		"img": "images/seasonwinter0.png",
		
	  },
	  {
		"img": "images/seasonwinter1.png",
		"codes": "winter"
	  },
	]
  },  
  
  /// DUNGEONS ///
  
  // Hero's cave
  {
    "name": "D0 Small Key",
    "type": "consumable",
    "img": "images/key.png",
    "codes": "d0sk",
    "max_quantity": 1
  },
  
  // D1
  {
    "name": "Gnarled Root Dungeon",
    "type": "toggle",
    "img": "images/D1.png",
    "codes": "d1, gnarledroot"
  },
  {
    "name": "Fertile Soil",
    "type": "static",
    "img": "images/D1.png",
    "codes": "soil",
  },
  {
    "name": "D1 Boss Key",
    "type": "toggle",
    "img": "images/keyboss.png",
    "codes": "d1bk"
  },
  {
    "name": "D1 Small Keys",
    "type": "consumable",
    "img": "images/key.png",
    "codes": "d1sk",
    "max_quantity": 2
  },
  {
    "name": "Gnarled Root items",
    "type": "progressive",
	"allow_disabled": false,
	"stages": [
		{
			"img": "images/chests5d.png",
			"codes": "d1chests",
		},
		{
			"img": "images/chests4d.png",
		},
		{
			"img": "images/chests3d.png",
		},
		{
			"img": "images/chests2d.png",
		},
		{
			"img": "images/chests1d.png",
		},
		{
			"img": "images/chests0d.png",
		},
	]
  },
  
  // D2
  {
    "name": "Snake's Remains",
    "type": "toggle",
    "img": "images/D2.png",
    "codes": "d2, snakeremains"
  },
  {
    "name": "Gift of Time",
    "type": "static",
    "img": "images/D2.png",
    "codes": "Time",
  },
  {
    "name": "D2 Boss Key",
    "type": "toggle",
    "img": "images/keyboss.png",
    "codes": "d2bk"
  },
  {
    "name": "D2 Small Keys",
    "type": "consumable",
    "img": "images/key.png",
    "codes": "d2sk",
    "max_quantity": 3
  },
  {
    "name": "Snake Remains items",
    "type": "progressive",
	"allow_disabled": false,
	"stages": [
		{
			"img": "images/chests4d.png",
			"codes": "d2chests",
		},
		{
			"img": "images/chests3d.png",
		},
		{
			"img": "images/chests2d.png",
		},
		{
			"img": "images/chests1d.png",
		},
		{
			"img": "images/chests0d.png",
		},
	]
  },
  
  // D3
  {
    "name": "Poison Moth's Lair",
    "type": "toggle",
    "img": "images/D3.png",
    "codes": "d3, poisonmoth"
  },
  {
    "name": "Bright Sun",
    "type": "static",
    "img": "images/D3.png",
    "codes": "sun",
  },
  {
    "name": "D3 Boss Key",
    "type": "toggle",
    "img": "images/keyboss.png",
    "codes": "d3bk"
  },
  {
    "name": "D3 Small Keys",
    "type": "consumable",
    "img": "images/key.png",
    "codes": "d3sk",
    "max_quantity": 2
  },
  {
    "name": "Poison Moth's items",
    "type": "progressive",
	"allow_disabled": false,
	"stages": [
		{
			"img": "images/chests5r.png",
			"codes": "d3chests",
		},
		{
			"img": "images/chests4r.png",
		},
		{
			"img": "images/chests3r.png",
		},
		{
			"img": "images/chests2r.png",
		},
		{
			"img": "images/chests1r.png",
		},
		{
			"img": "images/chests0r.png",
		},
	]
  },
  
  // D4
  {
    "name": "Dancing Dragon Dungeon",
    "type": "toggle",
    "img": "images/D4.png",
    "codes": "d4, dancingdragon"
  },
  {
    "name": "Soothing Rain",
    "type": "static",
    "img": "images/D4.png",
    "codes": "rain",
  },
  {
    "name": "D4 Boss Key",
    "type": "toggle",
    "img": "images/keyboss.png",
    "codes": "d4bk"
  },
  {
    "name": "D4 Small Keys",
    "type": "consumable",
    "img": "images/key.png",
    "codes": "d4sk",
    "max_quantity": 5
  },
  {
    "name": "Dancing Dragon items",
    "type": "progressive",
	"allow_disabled": false,
	"stages": [
		{
			"img": "images/chests3r.png",
			"codes": "d4chests",
		},
		{
			"img": "images/chests2r.png",
		},
		{
			"img": "images/chests1r.png",
		},
		{
			"img": "images/chests0r.png",
		},
	]
  },
  
  // D5
  {
    "name": "Unicorn's Cave",
    "type": "toggle",
    "img": "images/D5.png",
    "codes": "d5, unicorncave"
  },
  {
    "name": "Nurturing Warmth",
    "type": "static",
    "img": "images/D5.png",
    "codes": "warmth",
  },
  {
    "name": "D5 Boss Key",
    "type": "toggle",
    "img": "images/keyboss.png",
    "codes": "d5bk"
  },
  {
    "name": "D5 Small Keys",
    "type": "consumable",
    "img": "images/key.png",
    "codes": "d5sk",
    "max_quantity": 5
  },
  {
    "name": "Unicorn's Cave items",
    "type": "progressive",
	"allow_disabled": false,
	"stages": [
		{
			"img": "images/chests3u.png",
			"codes": "d5chests",
		},
		{
			"img": "images/chests2u.png",
		},
		{
			"img": "images/chests1u.png",
		},
		{
			"img": "images/chests0u.png",
		},
	]
  },
  
  // D6
  {
    "name": "Ancient Ruins",
    "type": "toggle",
    "img": "images/D6.png",
    "codes": "d6, ancientruins"
  },
  {
    "name": "Blowing Wind",
    "type": "static",
    "img": "images/D6.png",
    "codes": "wind",
  },
  {
    "name": "D6 Boss Key",
    "type": "toggle",
    "img": "images/keyboss.png",
    "codes": "d6bk"
  },
  {
    "name": "D6 Small Keys",
    "type": "consumable",
    "img": "images/key.png",
    "codes": "d6sk",
    "max_quantity": 3
  },
  {
    "name": "Ancient Ruins items",
    "type": "progressive",
	"allow_disabled": false,
	"stages": [
		{
			"img": "images/chests6u.png",
			"codes": "d6chests",
		},
		{
			"img": "images/chests5u.png",
		},
		{
			"img": "images/chests4u.png",
		},
		{
			"img": "images/chests3u.png",
		},
		{
			"img": "images/chests2u.png",
		},
		{
			"img": "images/chests1u.png",
		},
		{
			"img": "images/chests0u.png",
		},
	]
  },
  
  // D7
  {
    "name": "Explorer's Crypt",
    "type": "toggle",
    "img": "images/D7.png",
    "codes": "d7, explorercrypt"
  },
  {
    "name": "Seed of Life",
    "type": "static",
    "img": "images/D7.png",
    "codes": "life",
  },
  {
    "name": "D7 Boss Key",
    "type": "toggle",
    "img": "images/keyboss.png",
    "codes": "d7bk"
  },
  {
    "name": "D7 Small Keys",
    "type": "consumable",
    "img": "images/key.png",
    "codes": "d7sk",
    "max_quantity": 5
  },
  {
    "name": "Explorer's Crypt items",
    "type": "progressive",
	"allow_disabled": false,
	"stages": [
		{
			"img": "images/chests4.png",
			"codes": "d7chests",
		},
		{
			"img": "images/chests3.png",
		},
		{
			"img": "images/chests2.png",
		},
		{
			"img": "images/chests1.png",
		},
		{
			"img": "images/chests0.png",
		},
	]
  },
  
  // D8
  {
    "name": "Sword & Shield Maze",
    "type": "toggle",
    "img": "images/D8.png",
    "codes": "d8, swordandshield"
  },
  {
    "name": "Changing Seasons",
    "type": "static",
    "img": "images/D8.png",
    "codes": "changing",
  },
  {
    "name": "D8 Boss Key",
    "type": "toggle",
    "img": "images/keyboss.png",
    "codes": "d8bk"
  },
  {
    "name": "D8 Small Keys",
    "type": "consumable",
    "img": "images/key.png",
    "codes": "d8sk",
    "max_quantity": 7
  },
  {
    "name": "Sword & Shield items",
    "type": "progressive",
	"allow_disabled": false,
	"stages": [
		{
			"img": "images/chests4.png",
			"codes": "d8chests",
		},
		{
			"img": "images/chests3.png",
		},
		{
			"img": "images/chests2.png",
		},
		{
			"img": "images/chests1.png",
		},
		{
			"img": "images/chests0.png",
		},
	]
  },
  
  
  
  /// SEASON SELECTORS
  
  {
    "name": "North Horon label",
    "type": "static",
    "img": "images/north_label.png",
    "codes": "north_label"
  },
  
  {
    "name": "North Horon season",
    "type": "progressive",
    "allow_disabled": false,
	"loop": true,
    "stages": [
	  {
		"img": "images/selector_neutral.png",
		"codes": "season_northhoron",
		"inherit_codes": false
	  },
	  {
		"img": "images/selector_winter.png",
		"codes": "north_winter",
		"inherit_codes": false
	  },
	  {
		"img": "images/selector_spring.png",
		"codes": "north_spring",
		"inherit_codes": false
	  },
	  {
		"img": "images/selector_summer.png",
		"codes": "north_summer",
		"inherit_codes": false
	  },
	  {
		"img": "images/selector_fall.png",
		"codes": "north_fall",
		"inherit_codes": false
	  },
	]
  },
  
  {
    "name": "Eastern Suburbs label",
    "type": "static",
    "img": "images/suburbs_label.png",
    "codes": "suburbs_label"
  },
  
  {
    "name": "Eastern Suburbs season",
    "type": "progressive",
    "allow_disabled": false,
	"loop": true,
    "stages": [
	  {
		"img": "images/selector_neutral.png",
		"codes": "season_eastsuburbs",
		"inherit_codes": false
	  },
	  {
		"img": "images/selector_winter.png",
		"codes": "suburbs_winter",
		"inherit_codes": false
	  },
	  {
		"img": "images/selector_spring.png",
		"codes": "suburbs_spring",
		"inherit_codes": false
	  },
	  {
		"img": "images/selector_summer.png",
		"codes": "suburbs_summer",
		"inherit_codes": false
	  },
	  {
		"img": "images/selector_fall.png",
		"codes": "suburbs_fall",
		"inherit_codes": false
	  },
	]
  },
  
  {
    "name": "Woods of Winter label",
    "type": "static",
    "img": "images/wow_label.png",
    "codes": "wow_label"
  },
  
  {
    "name": "Woods of Winter season",
    "type": "progressive",
    "allow_disabled": false,
	"loop": true,
    "stages": [
	  {
		"img": "images/selector_neutral.png",
		"codes": "season_woodsofwinter",
		"inherit_codes": false
	  },
	  {
		"img": "images/selector_winter.png",
		"codes": "wow_winter",
		"inherit_codes": false
	  },
	  {
		"img": "images/selector_spring.png",
		"codes": "wow_spring",
		"inherit_codes": false
	  },
	  {
		"img": "images/selector_summer.png",
		"codes": "wow_summer",
		"inherit_codes": false
	  },
	  {
		"img": "images/selector_fall.png",
		"codes": "wow_fall",
		"inherit_codes": false
	  },
	]
  },
  
  {
    "name": "Holodrum Plain label",
    "type": "static",
    "img": "images/plain_label.png",
    "codes": "plain_label"
  },
  
  {
    "name": "Holodrum Plain season",
    "type": "progressive",
    "allow_disabled": false,
	"loop": true,
    "stages": [
	  {
		"img": "images/selector_neutral.png",
		"codes": "season_holodrumplain",
		"inherit_codes": false
	  },
	  {
		"img": "images/selector_winter.png",
		"codes": "plain_winter",
		"inherit_codes": false
	  },
	  {
		"img": "images/selector_spring.png",
		"codes": "plain_spring",
		"inherit_codes": false
	  },
	  {
		"img": "images/selector_summer.png",
		"codes": "plain_summer",
		"inherit_codes": false
	  },
	  {
		"img": "images/selector_fall.png",
		"codes": "plain_fall",
		"inherit_codes": false
	  },
	]
  },
  
  {
    "name": "Spool Swamp label",
    "type": "static",
    "img": "images/swamp_label.png",
    "codes": "swamp_label"
  },
  
  {
    "name": "Spool Swamp season",
    "type": "progressive",
    "allow_disabled": false,
	"loop": true,
    "stages": [
	  {
		"img": "images/selector_neutral.png",
		"codes": "season_spoolswamp",
		"inherit_codes": false
	  },
	  {
		"img": "images/selector_winter.png",
		"codes": "swamp_winter",
		"inherit_codes": false
	  },
	  {
		"img": "images/selector_spring.png",
		"codes": "swamp_spring",
		"inherit_codes": false
	  },
	  {
		"img": "images/selector_summer.png",
		"codes": "swamp_summer",
		"inherit_codes": false
	  },
	  {
		"img": "images/selector_fall.png",
		"codes": "swamp_fall",
		"inherit_codes": false
	  },
	]
  },
  
  {
    "name": "Sunken City label",
    "type": "static",
    "img": "images/sunken_label.png",
    "codes": "sunken_label"
  },
  
  {
    "name": "Sunken City season",
    "type": "progressive",
    "allow_disabled": false,
	"loop": true,
    "stages": [
	  {
		"img": "images/selector_neutral.png",
		"codes": "season_sunkencity",
		"inherit_codes": false
	  },
	  {
		"img": "images/selector_winter.png",
		"codes": "sunken_winter",
		"inherit_codes": false
	  },
	  {
		"img": "images/selector_spring.png",
		"codes": "sunken_spring",
		"inherit_codes": false
	  },
	  {
		"img": "images/selector_summer.png",
		"codes": "sunken_summer",
		"inherit_codes": false
	  },
	  {
		"img": "images/selector_fall.png",
		"codes": "sunken_fall",
		"inherit_codes": false
	  },
	]
  },
  
  {
    "name": "Western Coast label",
    "type": "static",
    "img": "images/coast_label.png",
    "codes": "coast_label"
  },
  
  {
    "name": "Western Coast season",
    "type": "progressive",
    "allow_disabled": false,
	"loop": true,
    "stages": [
	  {
		"img": "images/selector_neutral.png",
		"codes": "season_coast",
		"inherit_codes": false
	  },
	  {
		"img": "images/selector_winter.png",
		"codes": "coast_winter",
		"inherit_codes": false
	  },
	  {
		"img": "images/selector_spring.png",
		"codes": "coast_spring",
		"inherit_codes": false
	  },
	  {
		"img": "images/selector_summer.png",
		"codes": "coast_summer",
		"inherit_codes": false
	  },
	  {
		"img": "images/selector_fall.png",
		"codes": "coast_fall",
		"inherit_codes": false
	  },
	]
  },
  
  {
    "name": "Temple Remains label",
    "type": "static",
    "img": "images/temple_label.png",
    "codes": "temple_label"
  },
  
  {
    "name": "Temple Remains season",
    "type": "progressive",
    "allow_disabled": false,
	"loop": true,
    "stages": [
	  {
		"img": "images/selector_neutral.png",
		"codes": "season_templeremains",
		"inherit_codes": false
	  },
	  {
		"img": "images/selector_winter.png",
		"codes": "temple_winter",
		"inherit_codes": false
	  },
	  {
		"img": "images/selector_spring.png",
		"codes": "temple_spring",
		"inherit_codes": false
	  },
	  {
		"img": "images/selector_summer.png",
		"codes": "temple_summer",
		"inherit_codes": false
	  },
	  {
		"img": "images/selector_fall.png",
		"codes": "temple_fall",
		"inherit_codes": false
	  },
	]
  },
  
  {
    "name": "Natzu label",
    "type": "static",
    "img": "images/natzu_label.png",
    "codes": "natzu_label"
  },
  
  {
    "name": "Natzu animal",
    "type": "progressive",
    "allow_disabled": false,
	  "loop": true,
    "stages": [
    {
    "img": "images/natzu_unknown.png",
    "codes": "natzu_unknown",
    "inherit_codes": false
    },
	  {
		"img": "images/ricky.png",
		"codes": "natzu_ricky",
		"inherit_codes": false
	  },
    {
		"img": "images/dimitri.png",
		"codes": "natzu_dimitri",
		"inherit_codes": false
	  },
    {
      "img": "images/moosh.png",
      "codes": "natzu_moosh",
      "inherit_codes": false
    },
	]
  },
  
    
  /// SETTINGS / SEQUENCE BREAKING ///
  
  {
  "name": "Tree Warp selector",
  "type": "progressive",
  "allow_disabled": false,
  "loop": true,
  "stages": [
	  {
		"img": "images/treewarp_off.png",
		"codes": "notreewarp",
		"inherit_codes": false
	  },
	  {
		"img": "images/treewarp_on.png",
		"codes": "treewarp",
		"inherit_codes": false
	  },
	]
  },
  
  /// RINGS ///
  {
    "name": "Fist Ring",
    "type": "toggle",
    "img": "images/ring_fist.png",
    "codes": "ring_fist"
  },
  
  {
    "name": "Expert's Ring",
    "type": "toggle",
    "img": "images/ring_expert.png",
    "codes": "ring_expert"
  },
  
  {
    "name": "Energy Ring",
    "type": "toggle",
    "img": "images/ring_energy.png",
    "codes": "ring_energy"
  },
  
  {
    "name": "Toss Ring",
    "type": "toggle",
    "img": "images/ring_toss.png",
    "codes": "ring_toss"
  },
  
  {
    "name": "Swimmer's Ring",
    "type": "toggle",
    "img": "images/ring_swimmer.png",
    "codes": "ring_swimmer"
  },
  
  /// SEED TREES ///
  
  {
    "name": "Woods of Winter tree",
    "type": "toggle",
    "img": "images/tree_mystery.png",
    "codes": "tree_wow"
  },
  {
    "name": "Holodrum Plain tree",
    "type": "toggle",
    "img": "images/tree_scent.png",
    "codes": "tree_plain"
  },
  {
    "name": "Spool Swamp tree",
    "type": "toggle",
    "img": "images/tree_pegasus.png",
    "codes": "tree_swamp"
  },
  {
    "name": "Sunken City tree",
    "type": "toggle",
    "img": "images/tree_gale.png",
    "codes": "tree_sunken"
  },
  {
    "name": "Tarm Ruins tree",
    "type": "toggle",
    "img": "images/tree_gale.png",
    "codes": "tree_tarm"
  },
  
  /// DUNGEON SHUFFLE ///
  {
    "name": "Gnarled Root Dungeon Entrance",
    "type": "progressive",
	"allow_disabled": false,
    "loop": true,
    "stages": [
      {
        "img": "images/DX_unknown.png",
        "codes": "d1_ent",
		"inherit_codes": false,
      },
      {
        "img": "images/D1_entrance.png",
        "codes": "d1_d1",
		"inherit_codes": false,
      },
      {
        "img": "images/D2_entrance.png",
        "codes": "d1_d2",
		"inherit_codes": false,
      },
	  {
        "img": "images/D3_entrance.png",
        "codes": "d1_d3",
		"inherit_codes": false,
      },
	  {
        "img": "images/D4_entrance.png",
        "codes": "d1_d4",
		"inherit_codes": false,
      },
	  {
        "img": "images/D5_entrance.png",
        "codes": "d1_d5",
		"inherit_codes": false,
      },
	  {
        "img": "images/D6_entrance.png",
        "codes": "d1_d6",
		"inherit_codes": false,
      },
	  {
        "img": "images/D7_entrance.png",
        "codes": "d1_d7",
		"inherit_codes": false,
      },
	  {
        "img": "images/D8_entrance.png",
        "codes": "d1_d8",
		"inherit_codes": false,
      },
    ]
  },
  
  {
    "name": "Snake's Remains Entrance",
    "type": "progressive",
	"allow_disabled": false,
    "loop": true,
    "stages": [
      {
        "img": "images/DX_unknown.png",
        "codes": "d2_ent",
		"inherit_codes": false,
      },
      {
        "img": "images/D1_entrance.png",
        "codes": "d2_d1",
		"inherit_codes": false,
      },
      {
        "img": "images/D2_entrance.png",
        "codes": "d2_d2",
		"inherit_codes": false,
      },
	  {
        "img": "images/D3_entrance.png",
        "codes": "d2_d3",
		"inherit_codes": false,
      },
	  {
        "img": "images/D4_entrance.png",
        "codes": "d2_d4",
		"inherit_codes": false,
      },
	  {
        "img": "images/D5_entrance.png",
        "codes": "d2_d5",
		"inherit_codes": false,
      },
	  {
        "img": "images/D6_entrance.png",
        "codes": "d2_d6",
		"inherit_codes": false,
      },
	  {
        "img": "images/D7_entrance.png",
        "codes": "d2_d7",
		"inherit_codes": false,
      },
	  {
        "img": "images/D8_entrance.png",
        "codes": "d2_d8",
		"inherit_codes": false,
      },
    ]
  },
  
  {
    "name": "Poison Moth's Lair Entrance",
    "type": "progressive",
	"allow_disabled": false,
    "loop": true,
    "stages": [
      {
        "img": "images/DX_unknown.png",
        "codes": "d3_ent",
		"inherit_codes": false,
      },
      {
        "img": "images/D1_entrance.png",
        "codes": "d3_d1",
		"inherit_codes": false,
      },
      {
        "img": "images/D2_entrance.png",
        "codes": "d3_d2",
		"inherit_codes": false,
      },
	  {
        "img": "images/D3_entrance.png",
        "codes": "d3_d3",
		"inherit_codes": false,
      },
	  {
        "img": "images/D4_entrance.png",
        "codes": "d3_d4",
		"inherit_codes": false,
      },
	  {
        "img": "images/D5_entrance.png",
        "codes": "d3_d5",
		"inherit_codes": false,
      },
	  {
        "img": "images/D6_entrance.png",
        "codes": "d3_d6",
		"inherit_codes": false,
      },
	  {
        "img": "images/D7_entrance.png",
        "codes": "d3_d7",
		"inherit_codes": false,
      },
	  {
        "img": "images/D8_entrance.png",
        "codes": "d3_d8",
		"inherit_codes": false,
      },
    ]
  },
  
  {
    "name": "Dancing Dragon Dungeon Entrance",
    "type": "progressive",
	"allow_disabled": false,
    "loop": true,
    "stages": [
      {
        "img": "images/DX_unknown.png",
        "codes": "d4_ent",
		"inherit_codes": false,
      },
      {
        "img": "images/D1_entrance.png",
        "codes": "d4_d1",
		"inherit_codes": false,
      },
      {
        "img": "images/D2_entrance.png",
        "codes": "d4_d2",
		"inherit_codes": false,
      },
	  {
        "img": "images/D3_entrance.png",
        "codes": "d4_d3",
		"inherit_codes": false,
      },
	  {
        "img": "images/D4_entrance.png",
        "codes": "d4_d4",
		"inherit_codes": false,
      },
	  {
        "img": "images/D5_entrance.png",
        "codes": "d4_d5",
		"inherit_codes": false,
      },
	  {
        "img": "images/D6_entrance.png",
        "codes": "d4_d6",
		"inherit_codes": false,
      },
	  {
        "img": "images/D7_entrance.png",
        "codes": "d4_d7",
		"inherit_codes": false,
      },
	  {
        "img": "images/D8_entrance.png",
        "codes": "d4_d8",
		"inherit_codes": false,
      },
    ]
  },
  
  {
    "name": "Unicorn's Cave Entrance",
    "type": "progressive",
	"allow_disabled": false,
    "loop": true,
    "stages": [
      {
        "img": "images/DX_unknown.png",
        "codes": "d5_ent",
		"inherit_codes": false,
      },
      {
        "img": "images/D1_entrance.png",
        "codes": "d5_d1",
		"inherit_codes": false,
      },
      {
        "img": "images/D2_entrance.png",
        "codes": "d5_d2",
		"inherit_codes": false,
      },
	  {
        "img": "images/D3_entrance.png",
        "codes": "d5_d3",
		"inherit_codes": false,
      },
	  {
        "img": "images/D4_entrance.png",
        "codes": "d5_d4",
		"inherit_codes": false,
      },
	  {
        "img": "images/D5_entrance.png",
        "codes": "d5_d5",
		"inherit_codes": false,
      },
	  {
        "img": "images/D6_entrance.png",
        "codes": "d5_d6",
		"inherit_codes": false,
      },
	  {
        "img": "images/D7_entrance.png",
        "codes": "d5_d7",
		"inherit_codes": false,
      },
	  {
        "img": "images/D8_entrance.png",
        "codes": "d5_d8",
		"inherit_codes": false,
      },
    ]
  },
  
  {
    "name": "Ancient Ruins Entrance",
    "type": "progressive",
	"allow_disabled": false,
    "loop": true,
    "stages": [
      {
        "img": "images/DX_unknown.png",
        "codes": "d6_ent",
		"inherit_codes": false,
      },
      {
        "img": "images/D1_entrance.png",
        "codes": "d6_d1",
		"inherit_codes": false,
      },
      {
        "img": "images/D2_entrance.png",
        "codes": "d6_d2",
		"inherit_codes": false,
      },
	  {
        "img": "images/D3_entrance.png",
        "codes": "d6_d3",
		"inherit_codes": false,
      },
	  {
        "img": "images/D4_entrance.png",
        "codes": "d6_d4",
		"inherit_codes": false,
      },
	  {
        "img": "images/D5_entrance.png",
        "codes": "d6_d5",
		"inherit_codes": false,
      },
	  {
        "img": "images/D6_entrance.png",
        "codes": "d6_d6",
		"inherit_codes": false,
      },
	  {
        "img": "images/D7_entrance.png",
        "codes": "d6_d7",
		"inherit_codes": false,
      },
	  {
        "img": "images/D8_entrance.png",
        "codes": "d6_d8",
		"inherit_codes": false,
      },
    ]
  },
  
  {
    "name": "Explorer's Crypt Entrance",
    "type": "progressive",
	"allow_disabled": false,
    "loop": true,
    "stages": [
      {
        "img": "images/DX_unknown.png",
        "codes": "d7_ent",
		"inherit_codes": false,
      },
      {
        "img": "images/D1_entrance.png",
        "codes": "d7_d1",
		"inherit_codes": false,
      },
      {
        "img": "images/D2_entrance.png",
        "codes": "d7_d2",
		"inherit_codes": false,
      },
	  {
        "img": "images/D3_entrance.png",
        "codes": "d7_d3",
		"inherit_codes": false,
      },
	  {
        "img": "images/D4_entrance.png",
        "codes": "d7_d4",
		"inherit_codes": false,
      },
	  {
        "img": "images/D5_entrance.png",
        "codes": "d7_d5",
		"inherit_codes": false,
      },
	  {
        "img": "images/D6_entrance.png",
        "codes": "d7_d6",
		"inherit_codes": false,
      },
	  {
        "img": "images/D7_entrance.png",
        "codes": "d7_d7",
		"inherit_codes": false,
      },
	  {
        "img": "images/D8_entrance.png",
        "codes": "d7_d8",
		"inherit_codes": false,
      },
    ]
  },
  
  {
    "name": "Sword and Shield Maze Entrance",
    "type": "progressive",
	"allow_disabled": false,
    "loop": true,
    "stages": [
      {
        "img": "images/DX_unknown.png",
        "codes": "d8_ent",
		"inherit_codes": false,
      },
      {
        "img": "images/D1_entrance.png",
        "codes": "d8_d1",
		"inherit_codes": false,
      },
      {
        "img": "images/D2_entrance.png",
        "codes": "d8_d2",
		"inherit_codes": false,
      },
	  {
        "img": "images/D3_entrance.png",
        "codes": "d8_d3",
		"inherit_codes": false,
      },
	  {
        "img": "images/D4_entrance.png",
        "codes": "d8_d4",
		"inherit_codes": false,
      },
	  {
        "img": "images/D5_entrance.png",
        "codes": "d8_d5",
		"inherit_codes": false,
      },
	  {
        "img": "images/D6_entrance.png",
        "codes": "d8_d6",
		"inherit_codes": false,
      },
	  {
        "img": "images/D7_entrance.png",
        "codes": "d8_d7",
		"inherit_codes": false,
      },
	  {
        "img": "images/D8_entrance.png",
        "codes": "d8_d8",
		"inherit_codes": false,
      },
    ]
  },
  
]